"Statistics name :","Labour Force Survey Basic Tabulation Whole Japan Yearly"
"Table Number :","1-2-4"
"Title :","Employee by type of employment and age groups (Since 2013)"
"Implementation date :","-","-"
"Cities, Towns and Villages :","-"

"*","The ratio is not calculated because the denominator is small."
"***","Figures don't exist or is not tabulated (Since Feb. 2002). Please refer to the following URL for detail explanation. http://www.stat.go.jp/english/data/roudou/note.htm"
"0","Figures sre less than half of the given unit (Since Feb. 2002). Please refer to the following URL for detail explanation. http://www.stat.go.jp/english/data/roudou/note.htm"
"Åc","Figures covering from March through August 2011 for whole Japan and Tohoku region are missing due to the damage caused by the Great East Japan Earthquake."

"","","","","","","","","","","","","","","","","","","/Age Code","00","27","01","02","03","04","05","35","36","06","07","08","09","10","11","12","13","14","15","16","17","18","19","20","28","29","30","31","32"
"","","","","","","","","","","","","","","","","","","/Age Auxiliary Code","-","-","-","-","-","-","-","-","-","-","-","-","-","-","-","-","-","-","-","-","-","-","-","-","-","-","-","-","-"
"Tabulated variable Code","Tabulated variable Auxiliary Code","Tabulated variable","Industry Code","Industry Auxiliary Code","Industry","Sex Code","Sex Auxiliary Code","Sex","Type of employment Code","Type of employment Auxiliary Code","Type of employment","Area Code","Area Auxiliary Code","Area","Time (Yearly) Code","Time (Yearly) Auxiliary Code","Time (Yearly)","/Age","15 years old or more","15 to 64 years old","15 to 24 years old","15 to 19 years old","15 to 17 years old","18 to 19 years old","20 to 24 years old","20 to 21 years old","22 to 24 years old","25 to 34 years old","25 to 29 years old","30 to 34 years old","35 to 44 years old","35 to 39 years old","40 to 44 years old","45 to 54 years old","45 to 49 years old","50 to 54 years old","55 to 64 years old","55 to 59 years old","60 to 64 years old","65 years old or more","65 to 69 years old","70 years old or more","70 to 74 years old","75 years old or more","75 to 79 years old","80 to 84 years old","85 years old or more"
"01","","Actual number[ten thousand persons]","00","","All industries","0","","Both sexes","00","","Employee","00000","","All Japan","2013000000","","2013","","5553","5178","477","86","17","69","391","126","265","1117","541","576","1401","678","722","1205","635","570","978","519","459","375","232","144","98","46","33","10","3"
"01","","Actual number[ten thousand persons]","00","","All industries","0","","Both sexes","00","","Employee","00000","","All Japan","2014000000","","2014","","5595","5181","481","90","17","73","391","132","259","1101","534","567","1397","656","741","1231","652","578","972","525","447","414","257","157","108","49","34","11","4"
"01","","Actual number[ten thousand persons]","00","","All industries","0","","Both sexes","00","","Employee","00000","","All Japan","2015000000","","2015","","5640","5182","484","90","17","73","394","134","260","1080","522","558","1385","635","750","1267","669","598","967","528","438","458","288","170","116","54","37","13","4"
"01","","Actual number[ten thousand persons]","00","","All industries","0","","Both sexes","00","","Employee","00000","","All Japan","2016000000","","2016","","5729","5229","508","97","18","79","411","139","272","1077","521","556","1365","615","750","1313","709","604","967","534","433","499","322","178","117","61","44","13","4"
"01","","Actual number[ten thousand persons]","00","","All industries","0","","Both sexes","00","","Employee","00000","","All Japan","2017000000","","2017","","5819","5288","509","95","17","78","414","141","272","1076","515","561","1355","609","745","1361","741","620","988","547","440","531","327","204","133","71","51","14","5"
"01","","Actual number[ten thousand persons]","00","","All industries","0","","Both sexes","00","","Employee","00000","","All Japan","2018000000","","2018","","5954","5379","546","110","22","87","436","156","281","1079","520","560","1340","605","735","1407","762","645","1006","559","446","575","332","243","163","81","59","16","6"
"01","","Actual number[ten thousand persons]","00","","All industries","0","","Both sexes","00","","Employee","00000","","All Japan","2019000000","","2019","","6028","5419","561","117","25","92","445","162","283","1075","525","550","1306","599","706","1450","782","668","1026","569","457","610","330","280","187","93","70","18","6"
"01","","Actual number[ten thousand persons]","00","","All industries","0","","Both sexes","00","","Employee","00000","","All Japan","2020000000","","2020","","6005","5387","546","103","21","82","443","157","287","1067","530","537","1266","588","678","1467","787","680","1040","581","459","618","320","298","202","97","72","19","7"
"01","","Actual number[ten thousand persons]","00","","All industries","0","","Both sexes","00","","Employee","00000","","All Japan","2021000000","","2021","","6016","5388","542","101","19","82","442","154","288","1071","540","532","1241","586","655","1491","779","711","1043","583","461","628","313","315","216","100","70","22","8"
"01","","Actual number[ten thousand persons]","00","","All industries","0","","Both sexes","00","","Employee","00000","","All Japan","2022000000","","2022","","6041","5403","535","104","22","82","431","151","280","1065","540","525","1220","577","643","1507","766","741","1075","600","475","639","306","333","220","113","78","25","9"
"01","","Actual number[ten thousand persons]","00","","All industries","0","","Both sexes","00","","Employee","00000","","All Japan","2023000000","","2023","","6076","5428","550","109","24","86","440","153","287","1068","545","523","1198","568","630","1499","744","756","1112","622","490","648","309","339","215","124","88","27","9"
"01","","Actual number[ten thousand persons]","00","","All industries","0","","Both sexes","00","","Employee","00000","","All Japan","2024000000","","2024","","6123","5452","559","114","28","86","445","159","286","1081","553","528","1179","557","622","1492","720","771","1141","641","500","671","320","351","212","139","100","30","10"
"01","","Actual number[ten thousand persons]","00","","All industries","0","","Both sexes","02","","Employee, excl. executive of company or corporation","00000","","All Japan","2013000000","","2013","","5210","4925","476","86","17","69","390","125","265","1102","537","565","1344","656","688","1129","599","530","873","473","401","285","188","97","71","26","20","5","1"
"01","","Actual number[ten thousand persons]","00","","All industries","0","","Both sexes","02","","Employee, excl. executive of company or corporation","00000","","All Japan","2014000000","","2014","","5249","4928","479","90","17","73","390","131","258","1086","530","556","1341","634","707","1150","613","537","872","479","393","320","213","108","80","28","21","5","1"
"01","","Actual number[ten thousand persons]","00","","All industries","0","","Both sexes","02","","Employee, excl. executive of company or corporation","00000","","All Japan","2015000000","","2015","","5293","4933","483","90","17","73","392","134","259","1065","518","547","1330","615","714","1187","630","557","869","483","386","360","240","119","87","32","24","6","2"
"01","","Actual number[ten thousand persons]","00","","All industries","0","","Both sexes","02","","Employee, excl. executive of company or corporation","00000","","All Japan","2016000000","","2016","","5381","4983","506","97","18","79","410","139","271","1061","516","545","1311","594","717","1232","668","563","873","488","384","398","271","127","89","38","30","6","2"
"01","","Actual number[ten thousand persons]","00","","All industries","0","","Both sexes","02","","Employee, excl. executive of company or corporation","00000","","All Japan","2017000000","","2017","","5469","5044","508","95","17","78","412","141","271","1061","510","550","1302","590","712","1279","700","579","894","503","392","426","277","149","103","45","35","8","2"
"01","","Actual number[ten thousand persons]","00","","All industries","0","","Both sexes","02","","Employee, excl. executive of company or corporation","00000","","All Japan","2018000000","","2018","","5623","5154","545","110","22","87","435","155","280","1067","517","550","1294","588","705","1331","724","607","918","516","402","469","286","181","129","53","42","9","3"
"01","","Actual number[ten thousand persons]","00","","All industries","0","","Both sexes","02","","Employee, excl. executive of company or corporation","00000","","All Japan","2019000000","","2019","","5692","5190","560","117","25","92","444","162","282","1062","522","540","1260","582","677","1370","742","628","939","526","413","502","287","214","151","63","50","10","3"
"01","","Actual number[ten thousand persons]","00","","All industries","0","","Both sexes","02","","Employee, excl. executive of company or corporation","00000","","All Japan","2020000000","","2020","","5661","5152","545","103","21","82","442","157","285","1055","528","528","1218","571","647","1384","745","639","950","537","413","509","279","229","164","66","52","11","3"
"01","","Actual number[ten thousand persons]","00","","All industries","0","","Both sexes","02","","Employee, excl. executive of company or corporation","00000","","All Japan","2021000000","","2021","","5672","5154","541","100","19","82","440","154","287","1058","535","523","1195","569","627","1405","738","667","955","540","415","517","273","244","177","67","51","13","4"
"01","","Actual number[ten thousand persons]","00","","All industries","0","","Both sexes","02","","Employee, excl. executive of company or corporation","00000","","All Japan","2022000000","","2022","","5699","5169","534","104","22","82","430","151","279","1052","535","517","1176","560","616","1422","725","696","985","554","431","529","268","261","183","78","58","16","5"
"01","","Actual number[ten thousand persons]","00","","All industries","0","","Both sexes","02","","Employee, excl. executive of company or corporation","00000","","All Japan","2023000000","","2023","","5739","5196","548","109","24","85","439","153","286","1055","541","514","1155","551","604","1415","705","710","1023","578","445","543","273","270","182","88","66","17","4"
"01","","Actual number[ten thousand persons]","00","","All industries","0","","Both sexes","02","","Employee, excl. executive of company or corporation","00000","","All Japan","2024000000","","2024","","5780","5217","558","114","28","86","444","158","286","1068","549","519","1138","542","596","1405","680","725","1048","594","454","563","283","280","180","100","77","18","5"
"01","","Actual number[ten thousand persons]","00","","All industries","0","","Both sexes","03","","Regular staff","00000","","All Japan","2013000000","","2013","","3302","3221","244","25","2","23","220","49","170","800","385","415","955","476","479","766","409","357","456","309","148","81","51","30","19","10","7","2","1"
"01","","Actual number[ten thousand persons]","00","","All industries","0","","Both sexes","03","","Regular staff","00000","","All Japan","2014000000","","2014","","3287","3200","248","26","2","24","223","52","171","783","382","401","944","456","488","775","414","361","450","311","140","86","55","31","20","11","7","2","1"
"01","","Actual number[ten thousand persons]","00","","All industries","0","","Both sexes","03","","Regular staff","00000","","All Japan","2015000000","","2015","","3313","3220","252","24","2","22","228","54","174","775","377","398","936","441","495","800","426","374","457","316","141","93","60","33","21","12","8","3","1"
"01","","Actual number[ten thousand persons]","00","","All industries","0","","Both sexes","03","","Regular staff","00000","","All Japan","2016000000","","2016","","3364","3266","265","27","2","25","238","55","183","782","380","402","927","428","499","832","452","380","460","319","141","99","64","34","21","13","9","3","1"
"01","","Actual number[ten thousand persons]","00","","All industries","0","","Both sexes","03","","Regular staff","00000","","All Japan","2017000000","","2017","","3432","3323","267","26","2","24","241","55","186","787","381","406","930","427","504","866","475","391","473","329","145","109","69","40","24","16","11","3","1"
"01","","Actual number[ten thousand persons]","00","","All industries","0","","Both sexes","03","","Regular staff","00000","","All Japan","2018000000","","2018","","3498","3387","274","25","2","23","249","58","190","801","391","410","921","426","495","904","494","411","487","336","151","111","69","42","28","14","10","3","1"
"01","","Actual number[ten thousand persons]","00","","All industries","0","","Both sexes","03","","Regular staff","00000","","All Japan","2019000000","","2019","","3521","3407","277","25","2","23","252","59","193","799","395","403","899","422","478","931","508","423","500","343","157","114","66","47","32","16","11","4","1"
"01","","Actual number[ten thousand persons]","00","","All industries","0","","Both sexes","03","","Regular staff","00000","","All Japan","2020000000","","2020","","3563","3443","279","25","2","23","254","55","199","808","408","400","883","422","461","952","517","435","522","354","168","119","67","53","36","17","11","4","2"
"01","","Actual number[ten thousand persons]","00","","All industries","0","","Both sexes","03","","Regular staff","00000","","All Japan","2021000000","","2021","","3596","3472","279","24","2","22","255","56","199","820","421","399","872","424","448","970","515","456","531","360","171","124","67","57","39","19","12","4","2"
"01","","Actual number[ten thousand persons]","00","","All industries","0","","Both sexes","03","","Regular staff","00000","","All Japan","2022000000","","2022","","3597","3473","268","20","2","19","247","53","195","820","422","398","854","415","439","985","509","477","546","367","179","125","67","57","38","19","12","4","3"
"01","","Actual number[ten thousand persons]","00","","All industries","0","","Both sexes","03","","Regular staff","00000","","All Japan","2023000000","","2023","","3615","3489","271","20","1","19","251","52","200","818","423","395","843","410","434","984","497","488","571","383","188","126","68","59","37","21","14","5","2"
"01","","Actual number[ten thousand persons]","00","","All industries","0","","Both sexes","03","","Regular staff","00000","","All Japan","2024000000","","2024","","3654","3524","268","19","2","18","249","48","200","838","433","405","837","404","433","984","483","502","596","397","199","130","71","59","35","24","15","5","3"
"01","","Actual number[ten thousand persons]","00","","All industries","0","","Both sexes","10","","Non-regular staff","00000","","All Japan","2013000000","","2013","","1906","1703","232","61","15","46","171","76","95","301","151","150","389","180","209","363","191","173","417","164","253","203","136","67","52","15","12","2","0"
"01","","Actual number[ten thousand persons]","00","","All industries","0","","Both sexes","10","","Non-regular staff","00000","","All Japan","2014000000","","2014","","1962","1728","231","64","15","49","167","79","88","303","148","155","397","178","219","376","199","176","421","168","253","234","157","77","59","17","14","3","1"
"01","","Actual number[ten thousand persons]","00","","All industries","0","","Both sexes","10","","Non-regular staff","00000","","All Japan","2015000000","","2015","","1980","1713","231","66","15","51","165","80","85","290","141","148","393","174","220","387","204","183","412","167","245","267","181","86","66","20","16","3","0"
"01","","Actual number[ten thousand persons]","00","","All industries","0","","Both sexes","10","","Non-regular staff","00000","","All Japan","2016000000","","2016","","2016","1716","241","70","16","53","172","84","87","279","136","143","384","166","217","399","216","184","413","169","243","299","206","93","68","25","21","4","1"
"01","","Actual number[ten thousand persons]","00","","All industries","0","","Both sexes","10","","Non-regular staff","00000","","All Japan","2017000000","","2017","","2036","1720","240","69","15","54","171","86","85","274","129","145","372","164","208","413","225","188","421","174","247","316","207","109","79","29","24","4","1"
"01","","Actual number[ten thousand persons]","00","","All industries","0","","Both sexes","10","","Non-regular staff","00000","","All Japan","2018000000","","2018","","2124","1767","271","85","20","64","187","97","90","266","126","140","373","162","211","427","229","198","430","179","251","357","218","139","101","39","32","6","1"
"01","","Actual number[ten thousand persons]","00","","All industries","0","","Both sexes","10","","Non-regular staff","00000","","All Japan","2019000000","","2019","","2171","1783","283","92","23","68","192","103","89","263","127","137","361","160","200","440","233","206","437","181","256","388","221","167","119","47","39","7","1"
"01","","Actual number[ten thousand persons]","00","","All industries","0","","Both sexes","10","","Non-regular staff","00000","","All Japan","2020000000","","2020","","2098","1709","267","79","19","59","188","102","87","248","120","128","335","148","186","433","227","206","427","182","246","389","212","176","128","48","40","7","1"
"01","","Actual number[ten thousand persons]","00","","All industries","0","","Both sexes","10","","Non-regular staff","00000","","All Japan","2021000000","","2021","","2075","1683","262","77","17","60","185","97","88","237","114","123","323","145","178","435","223","212","425","181","244","393","206","187","138","49","38","9","2"
"01","","Actual number[ten thousand persons]","00","","All industries","0","","Both sexes","10","","Non-regular staff","00000","","All Japan","2022000000","","2022","","2101","1697","267","84","20","64","183","98","85","233","114","119","322","145","177","437","217","220","439","187","252","405","201","204","145","59","46","11","2"
"01","","Actual number[ten thousand persons]","00","","All industries","0","","Both sexes","10","","Non-regular staff","00000","","All Japan","2023000000","","2023","","2124","1707","277","89","22","67","188","101","86","237","117","119","312","141","171","430","208","222","451","195","257","417","206","211","144","67","52","12","2"
"01","","Actual number[ten thousand persons]","00","","All industries","0","","Both sexes","10","","Non-regular staff","00000","","All Japan","2024000000","","2024","","2126","1692","290","95","26","68","195","110","85","230","115","114","301","138","163","421","197","223","452","197","255","433","212","221","144","77","61","13","2"
"01","","Actual number[ten thousand persons]","00","","All industries","0","","Both sexes","04","","Part-time worker, Arbeit (temporary worker)","00000","","All Japan","2013000000","","2013","","1320","1187","193","58","15","44","135","67","67","184","92","92","276","123","153","270","141","129","263","121","142","133","90","43","34","9","7","2","0"
"01","","Actual number[ten thousand persons]","00","","All industries","0","","Both sexes","04","","Part-time worker, Arbeit (temporary worker)","00000","","All Japan","2014000000","","2014","","1347","1193","193","61","15","46","132","70","61","184","88","96","279","122","157","274","145","129","264","122","141","153","102","51","41","11","9","2","0"
"01","","Actual number[ten thousand persons]","00","","All industries","0","","Both sexes","04","","Part-time worker, Arbeit (temporary worker)","00000","","All Japan","2015000000","","2015","","1365","1187","194","63","15","48","131","71","59","175","83","91","276","117","158","284","148","136","259","122","137","179","119","59","46","13","11","2","0"
"01","","Actual number[ten thousand persons]","00","","All industries","0","","Both sexes","04","","Part-time worker, Arbeit (temporary worker)","00000","","All Japan","2016000000","","2016","","1398","1194","202","66","16","50","136","75","61","171","80","90","270","113","157","292","158","134","259","124","135","204","139","65","48","17","14","2","0"
"01","","Actual number[ten thousand persons]","00","","All industries","0","","Both sexes","04","","Part-time worker, Arbeit (temporary worker)","00000","","All Japan","2017000000","","2017","","1414","1198","206","67","15","51","139","78","62","169","77","92","260","110","150","303","165","138","261","126","134","215","140","75","55","20","17","3","1"
"01","","Actual number[ten thousand persons]","00","","All industries","0","","Both sexes","04","","Part-time worker, Arbeit (temporary worker)","00000","","All Japan","2018000000","","2018","","1492","1247","236","81","20","61","155","88","66","164","74","90","264","111","153","315","168","147","268","130","138","246","146","100","73","27","22","4","1"
"01","","Actual number[ten thousand persons]","00","","All industries","0","","Both sexes","04","","Part-time worker, Arbeit (temporary worker)","00000","","All Japan","2019000000","","2019","","1522","1258","245","88","23","65","158","94","64","161","73","89","255","109","146","324","173","151","272","132","139","264","148","116","84","32","27","4","1"
"01","","Actual number[ten thousand persons]","00","","All industries","0","","Both sexes","04","","Part-time worker, Arbeit (temporary worker)","00000","","All Japan","2020000000","","2020","","1478","1211","233","76","19","57","157","93","64","149","68","82","239","105","134","318","168","150","270","134","136","267","144","124","91","34","28","5","1"
"01","","Actual number[ten thousand persons]","00","","All industries","0","","Both sexes","04","","Part-time worker, Arbeit (temporary worker)","00000","","All Japan","2021000000","","2021","","1463","1193","230","75","17","58","155","90","65","144","66","78","232","102","130","318","163","155","269","133","136","270","138","132","98","33","27","6","1"
"01","","Actual number[ten thousand persons]","00","","All industries","0","","Both sexes","04","","Part-time worker, Arbeit (temporary worker)","00000","","All Japan","2022000000","","2022","","1474","1197","236","82","20","62","155","91","64","139","64","75","229","101","127","318","158","160","274","136","138","278","133","145","104","41","32","8","1"
"01","","Actual number[ten thousand persons]","00","","All industries","0","","Both sexes","04","","Part-time worker, Arbeit (temporary worker)","00000","","All Japan","2023000000","","2023","","1489","1203","244","86","22","64","158","94","64","140","66","74","224","99","125","315","152","163","280","141","139","286","135","150","103","47","38","8","1"
"01","","Actual number[ten thousand persons]","00","","All industries","0","","Both sexes","04","","Part-time worker, Arbeit (temporary worker)","00000","","All Japan","2024000000","","2024","","1502","1204","259","92","26","66","167","103","65","137","67","71","217","98","119","308","145","163","283","143","140","298","139","159","103","56","46","9","1"
"01","","Actual number[ten thousand persons]","00","","All industries","0","","Both sexes","05","","Part-time worker","00000","","All Japan","2013000000","","2013","","928","832","26","3","0","2","23","6","17","111","47","64","232","100","131","239","124","115","224","107","117","96","66","30","24","6","5","1","0"
"01","","Actual number[ten thousand persons]","00","","All industries","0","","Both sexes","05","","Part-time worker","00000","","All Japan","2014000000","","2014","","943","832","24","2","0","2","21","6","15","111","44","67","232","98","134","240","126","114","225","109","116","111","75","36","29","7","6","1","0"
"01","","Actual number[ten thousand persons]","00","","All industries","0","","Both sexes","05","","Part-time worker","00000","","All Japan","2015000000","","2015","","961","830","23","2","0","2","20","6","14","107","43","64","229","94","135","250","130","120","223","108","115","130","88","42","33","9","8","1","0"
"01","","Actual number[ten thousand persons]","00","","All industries","0","","Both sexes","05","","Part-time worker","00000","","All Japan","2016000000","","2016","","984","835","23","3","0","2","21","6","15","106","42","64","225","92","133","258","139","119","223","110","113","149","103","46","35","11","9","2","0"
"01","","Actual number[ten thousand persons]","00","","All industries","0","","Both sexes","05","","Part-time worker","00000","","All Japan","2017000000","","2017","","997","838","21","2","0","2","19","5","14","105","40","65","218","90","128","267","145","122","226","112","113","159","104","55","41","14","12","2","0"
"01","","Actual number[ten thousand persons]","00","","All industries","0","","Both sexes","05","","Part-time worker","00000","","All Japan","2018000000","","2018","","1038","856","20","3","0","2","18","5","13","104","39","66","223","91","132","278","147","130","233","116","117","182","110","72","52","20","17","3","0"
"01","","Actual number[ten thousand persons]","00","","All industries","0","","Both sexes","05","","Part-time worker","00000","","All Japan","2019000000","","2019","","1051","856","19","2","0","2","17","6","12","103","39","65","214","90","125","284","150","133","236","119","118","195","112","83","60","23","19","3","0"
"01","","Actual number[ten thousand persons]","00","","All industries","0","","Both sexes","05","","Part-time worker","00000","","All Japan","2020000000","","2020","","1029","829","19","2","0","2","17","5","12","94","35","59","201","85","116","280","147","133","236","120","116","201","111","90","66","24","20","3","0"
"01","","Actual number[ten thousand persons]","00","","All industries","0","","Both sexes","05","","Part-time worker","00000","","All Japan","2021000000","","2021","","1024","819","18","2","0","2","16","5","11","91","35","56","193","83","110","282","144","138","235","117","118","204","108","96","72","24","19","4","1"
"01","","Actual number[ten thousand persons]","00","","All industries","0","","Both sexes","05","","Part-time worker","00000","","All Japan","2022000000","","2022","","1021","814","17","2","0","2","15","4","10","85","33","52","191","82","109","281","139","142","240","121","119","208","103","105","76","29","23","5","1"
"01","","Actual number[ten thousand persons]","00","","All industries","0","","Both sexes","05","","Part-time worker","00000","","All Japan","2023000000","","2023","","1030","814","16","2","0","2","14","4","10","87","35","52","187","81","107","279","134","144","246","125","121","215","106","109","76","33","27","6","1"
"01","","Actual number[ten thousand persons]","00","","All industries","0","","Both sexes","05","","Part-time worker","00000","","All Japan","2024000000","","2024","","1028","801","17","2","0","2","15","4","11","84","33","50","181","79","102","271","126","145","248","126","122","227","110","117","76","40","33","6","1"
"01","","Actual number[ten thousand persons]","00","","All industries","0","","Both sexes","06","","Arbeit (temporary worker)","00000","","All Japan","2013000000","","2013","","392","355","167","56","14","41","111","61","50","73","45","28","45","23","22","31","17","14","39","14","25","37","24","13","10","3","2","0","0"
"01","","Actual number[ten thousand persons]","00","","All industries","0","","Both sexes","06","","Arbeit (temporary worker)","00000","","All Japan","2014000000","","2014","","404","362","169","58","15","44","110","64","46","73","44","29","47","24","23","34","19","15","39","14","25","42","27","15","12","4","3","1","0"
"01","","Actual number[ten thousand persons]","00","","All industries","0","","Both sexes","06","","Arbeit (temporary worker)","00000","","All Japan","2015000000","","2015","","405","356","171","60","15","46","110","65","45","68","41","27","47","23","24","34","18","16","36","14","23","48","31","17","13","4","3","1","0"
"01","","Actual number[ten thousand persons]","00","","All industries","0","","Both sexes","06","","Arbeit (temporary worker)","00000","","All Japan","2016000000","","2016","","414","359","179","64","16","48","115","70","46","65","38","26","45","21","23","34","19","15","37","14","23","54","36","18","13","6","5","1","0"
"01","","Actual number[ten thousand persons]","00","","All industries","0","","Both sexes","06","","Arbeit (temporary worker)","00000","","All Japan","2017000000","","2017","","417","361","185","64","15","49","120","72","48","63","37","27","42","20","22","36","20","16","35","14","21","56","36","21","14","6","5","1","0"
"01","","Actual number[ten thousand persons]","00","","All industries","0","","Both sexes","06","","Arbeit (temporary worker)","00000","","All Japan","2018000000","","2018","","455","390","215","79","20","59","137","83","53","60","35","24","43","21","21","37","21","16","35","15","21","64","36","29","21","7","6","1","0"
"01","","Actual number[ten thousand persons]","00","","All industries","0","","Both sexes","06","","Arbeit (temporary worker)","00000","","All Japan","2019000000","","2019","","472","402","226","86","23","63","141","88","52","58","35","23","42","21","21","40","23","18","35","15","21","69","36","34","24","10","8","1","0"
"01","","Actual number[ten thousand persons]","00","","All industries","0","","Both sexes","06","","Arbeit (temporary worker)","00000","","All Japan","2020000000","","2020","","449","381","214","74","19","55","141","88","52","55","33","23","39","20","18","38","22","17","34","15","20","67","33","35","25","10","8","2","0"
"01","","Actual number[ten thousand persons]","00","","All industries","0","","Both sexes","06","","Arbeit (temporary worker)","00000","","All Japan","2021000000","","2021","","439","373","212","73","17","56","139","85","54","53","31","22","39","19","20","36","19","17","34","16","18","66","30","36","27","9","8","2","0"
"01","","Actual number[ten thousand persons]","00","","All industries","0","","Both sexes","06","","Arbeit (temporary worker)","00000","","All Japan","2022000000","","2022","","453","383","220","80","19","60","140","87","53","54","31","23","38","20","18","37","19","18","34","16","19","70","30","41","28","12","9","3","0"
"01","","Actual number[ten thousand persons]","00","","All industries","0","","Both sexes","06","","Arbeit (temporary worker)","00000","","All Japan","2023000000","","2023","","459","389","228","85","22","63","144","90","53","53","32","21","37","19","18","37","18","19","34","16","18","70","29","41","27","14","11","3","0"
"01","","Actual number[ten thousand persons]","00","","All industries","0","","Both sexes","06","","Arbeit (temporary worker)","00000","","All Japan","2024000000","","2024","","474","403","242","90","26","64","152","99","54","53","33","20","36","19","17","36","19","18","35","16","19","71","29","42","27","16","12","3","0"
"01","","Actual number[ten thousand persons]","00","","All industries","0","","Both sexes","07","","Dispatched worker from temporary labour agency","00000","","All Japan","2013000000","","2013","","116","107","10","1","0","1","9","2","7","33","15","17","34","19","15","19","12","7","12","5","7","9","6","3","2","1","1","0","0"
"01","","Actual number[ten thousand persons]","00","","All industries","0","","Both sexes","07","","Dispatched worker from temporary labour agency","00000","","All Japan","2014000000","","2014","","119","110","9","1","0","1","8","2","6","31","15","16","34","17","17","22","14","8","12","6","6","9","6","4","3","1","1","0","0"
"01","","Actual number[ten thousand persons]","00","","All industries","0","","Both sexes","07","","Dispatched worker from temporary labour agency","00000","","All Japan","2015000000","","2015","","126","116","9","1","0","1","9","2","6","31","15","16","37","18","19","25","15","10","13","6","7","11","7","4","3","1","1","0","0"
"01","","Actual number[ten thousand persons]","00","","All industries","0","","Both sexes","07","","Dispatched worker from temporary labour agency","00000","","All Japan","2016000000","","2016","","133","119","11","1","0","1","10","3","7","31","15","16","36","17","20","28","17","11","13","7","7","13","9","5","3","1","1","0","0"
"01","","Actual number[ten thousand persons]","00","","All industries","0","","Both sexes","07","","Dispatched worker from temporary labour agency","00000","","All Japan","2017000000","","2017","","134","122","10","1","0","1","9","3","6","31","15","16","35","16","19","32","19","12","14","8","6","13","7","5","4","2","1","0","0"
"01","","Actual number[ten thousand persons]","00","","All industries","0","","Both sexes","07","","Dispatched worker from temporary labour agency","00000","","All Japan","2018000000","","2018","","136","124","10","1","0","1","10","3","7","30","14","15","36","16","19","33","20","13","15","9","6","13","7","5","4","2","1","0","0"
"01","","Actual number[ten thousand persons]","00","","All industries","0","","Both sexes","07","","Dispatched worker from temporary labour agency","00000","","All Japan","2019000000","","2019","","142","127","10","1","0","1","10","3","7","32","16","16","34","16","17","35","20","16","17","10","7","15","8","7","5","2","2","0","0"
"01","","Actual number[ten thousand persons]","00","","All industries","0","","Both sexes","07","","Dispatched worker from temporary labour agency","00000","","All Japan","2020000000","","2020","","139","125","9","0","0","0","9","2","6","31","15","15","32","14","17","36","20","16","17","10","7","15","7","8","5","2","2","0","0"
"01","","Actual number[ten thousand persons]","00","","All industries","0","","Both sexes","07","","Dispatched worker from temporary labour agency","00000","","All Japan","2021000000","","2021","","141","125","9","1","0","1","9","2","6","30","15","14","31","14","17","38","20","17","17","11","6","16","7","9","6","3","3","1","0"
"01","","Actual number[ten thousand persons]","00","","All industries","0","","Both sexes","07","","Dispatched worker from temporary labour agency","00000","","All Japan","2022000000","","2022","","149","132","10","1","0","0","9","3","7","31","16","14","32","15","18","40","20","19","19","12","7","16","7","10","6","3","3","1","0"
"01","","Actual number[ten thousand persons]","00","","All industries","0","","Both sexes","07","","Dispatched worker from temporary labour agency","00000","","All Japan","2023000000","","2023","","156","138","11","1","0","1","10","2","8","32","17","15","32","15","17","41","20","21","22","14","8","17","7","10","7","3","3","1","0"
"01","","Actual number[ten thousand persons]","00","","All industries","0","","Both sexes","07","","Dispatched worker from temporary labour agency","00000","","All Japan","2024000000","","2024","","154","137","9","1","0","1","9","2","6","32","17","15","29","13","16","41","19","21","25","15","10","17","7","10","6","4","3","1","0"
"01","","Actual number[ten thousand persons]","00","","All industries","0","","Both sexes","11","","Contract employee","00000","","All Japan","2013000000","","2013","","273","249","22","1","0","1","20","5","15","62","32","30","53","27","27","46","24","22","66","23","44","24","18","7","6","1","1","0","0"
"01","","Actual number[ten thousand persons]","00","","All industries","0","","Both sexes","11","","Contract employee","00000","","All Japan","2014000000","","2014","","292","263","21","2","0","2","19","5","14","64","32","32","58","27","31","51","26","25","68","23","45","29","22","7","6","1","1","0","0"
"01","","Actual number[ten thousand persons]","00","","All industries","0","","Both sexes","11","","Contract employee","00000","","All Japan","2015000000","","2015","","287","254","20","1","0","1","18","4","14","61","31","30","56","27","29","50","27","24","66","23","43","33","25","8","7","2","1","0","0"
"01","","Actual number[ten thousand persons]","00","","All industries","0","","Both sexes","11","","Contract employee","00000","","All Japan","2016000000","","2016","","286","250","20","2","0","2","18","4","14","59","31","27","53","27","27","52","28","24","67","24","43","36","27","9","7","2","2","0","0"
"01","","Actual number[ten thousand persons]","00","","All industries","0","","Both sexes","11","","Contract employee","00000","","All Japan","2017000000","","2017","","291","251","18","1","0","1","16","4","12","56","28","28","53","27","27","51","27","24","73","25","48","40","28","12","9","3","2","0","0"
"01","","Actual number[ten thousand persons]","00","","All industries","0","","Both sexes","11","","Contract employee","00000","","All Japan","2018000000","","2018","","295","250","18","1","0","1","16","4","13","54","28","26","52","25","27","53","29","25","73","25","48","45","31","13","10","3","2","0","0"
"01","","Actual number[ten thousand persons]","00","","All industries","0","","Both sexes","11","","Contract employee","00000","","All Japan","2019000000","","2019","","296","248","19","1","0","1","17","4","13","50","26","24","51","26","25","54","28","27","74","24","49","48","31","16","13","3","3","0","0"
"01","","Actual number[ten thousand persons]","00","","All industries","0","","Both sexes","11","","Contract employee","00000","","All Japan","2020000000","","2020","","280","232","15","1","0","1","13","4","11","49","25","23","45","22","24","52","27","26","70","24","45","48","30","17","14","4","3","0","0"
"01","","Actual number[ten thousand persons]","00","","All industries","0","","Both sexes","11","","Contract employee","00000","","All Japan","2021000000","","2021","","277","228","15","1","0","1","14","3","11","46","23","23","42","21","21","53","27","26","71","24","47","49","29","19","16","4","3","0","0"
"01","","Actual number[ten thousand persons]","00","","All industries","0","","Both sexes","11","","Contract employee","00000","","All Japan","2022000000","","2022","","283","231","13","1","0","1","12","3","9","45","23","22","43","21","22","54","26","28","75","26","50","53","31","22","17","5","4","1","0"
"01","","Actual number[ten thousand persons]","00","","All industries","0","","Both sexes","11","","Contract employee","00000","","All Japan","2023000000","","2023","","283","228","13","1","0","1","13","3","10","45","24","21","40","19","21","51","25","26","78","27","52","55","32","23","17","6","4","1","0"
"01","","Actual number[ten thousand persons]","00","","All industries","0","","Both sexes","11","","Contract employee","00000","","All Japan","2024000000","","2024","","277","219","13","1","0","1","12","3","9","42","22","20","38","18","20","49","23","26","77","26","50","58","34","23","17","6","5","1","0"
"01","","Actual number[ten thousand persons]","00","","All industries","0","","Both sexes","12","","Entrusted employee","00000","","All Japan","2013000000","","2013","","115","93","2","0","***","0","2","0","1","9","4","4","12","5","6","14","6","7","57","8","49","23","16","7","5","2","2","0","0"
"01","","Actual number[ten thousand persons]","00","","All industries","0","","Both sexes","12","","Entrusted employee","00000","","All Japan","2014000000","","2014","","119","92","2","0","***","0","2","0","1","9","4","5","12","5","7","13","7","7","56","8","48","27","19","8","5","2","2","0","0"
"01","","Actual number[ten thousand persons]","00","","All industries","0","","Both sexes","12","","Entrusted employee","00000","","All Japan","2015000000","","2015","","117","89","2","0","***","0","2","0","1","8","4","5","11","5","6","13","6","7","54","8","47","28","21","8","6","2","2","0","0"
"01","","Actual number[ten thousand persons]","00","","All industries","0","","Both sexes","12","","Entrusted employee","00000","","All Japan","2016000000","","2016","","119","89","1","0","***","0","1","0","1","7","3","4","11","4","7","14","7","7","55","8","47","30","21","8","6","2","2","0","0"
"01","","Actual number[ten thousand persons]","00","","All industries","0","","Both sexes","12","","Entrusted employee","00000","","All Japan","2017000000","","2017","","120","88","2","0","***","0","2","0","1","7","3","4","10","5","6","13","6","6","56","8","47","31","22","9","6","3","2","0","0"
"01","","Actual number[ten thousand persons]","00","","All industries","0","","Both sexes","12","","Entrusted employee","00000","","All Japan","2018000000","","2018","","121","87","1","0","0","0","1","0","1","6","3","3","9","4","6","13","6","7","57","9","48","33","23","10","7","3","2","0","0"
"01","","Actual number[ten thousand persons]","00","","All industries","0","","Both sexes","12","","Entrusted employee","00000","","All Japan","2019000000","","2019","","126","87","1","0","***","0","1","0","1","6","3","3","10","4","6","13","6","7","57","8","49","38","24","14","10","4","3","1","0"
"01","","Actual number[ten thousand persons]","00","","All industries","0","","Both sexes","12","","Entrusted employee","00000","","All Japan","2020000000","","2020","","117","80","1","0","***","0","1","0","1","6","3","3","8","3","5","12","6","6","53","7","46","36","22","14","10","4","3","1","0"
"01","","Actual number[ten thousand persons]","00","","All industries","0","","Both sexes","12","","Entrusted employee","00000","","All Japan","2021000000","","2021","","113","77","1","0","***","0","1","0","1","5","3","2","7","3","4","12","5","6","51","6","45","36","23","13","10","4","3","1","0"
"01","","Actual number[ten thousand persons]","00","","All industries","0","","Both sexes","12","","Entrusted employee","00000","","All Japan","2022000000","","2022","","112","77","1","0","***","0","1","0","1","5","2","2","7","3","4","11","6","5","53","7","46","35","22","14","10","4","3","1","0"
"01","","Actual number[ten thousand persons]","00","","All industries","0","","Both sexes","12","","Entrusted employee","00000","","All Japan","2023000000","","2023","","111","75","1","0","0","0","1","0","1","5","2","2","6","3","3","10","5","5","53","7","46","36","22","14","10","4","3","1","0"
"01","","Actual number[ten thousand persons]","00","","All industries","0","","Both sexes","12","","Entrusted employee","00000","","All Japan","2024000000","","2024","","108","70","1","0","0","0","1","0","1","4","2","2","5","3","3","9","4","5","50","5","44","38","22","15","10","5","4","1","0"
"01","","Actual number[ten thousand persons]","00","","All industries","0","","Both sexes","09","","Other","00000","","All Japan","2013000000","","2013","","82","67","6","1","0","1","5","1","4","14","8","7","14","6","7","14","7","7","20","8","12","15","8","7","5","2","2","0","0"
"01","","Actual number[ten thousand persons]","00","","All industries","0","","Both sexes","09","","Other","00000","","All Japan","2014000000","","2014","","86","70","6","1","***","1","6","2","4","14","8","6","14","6","7","15","7","8","20","8","12","16","9","7","5","3","2","1","0"
"01","","Actual number[ten thousand persons]","00","","All industries","0","","Both sexes","09","","Other","00000","","All Japan","2015000000","","2015","","83","67","6","1","0","1","6","2","4","15","8","7","13","6","7","14","7","7","19","8","11","16","9","7","5","2","2","1","0"
"01","","Actual number[ten thousand persons]","00","","All industries","0","","Both sexes","09","","Other","00000","","All Japan","2016000000","","2016","","81","64","7","1","0","1","7","1","5","12","7","5","13","6","7","13","7","6","18","7","11","17","10","7","4","3","2","1","0"
"01","","Actual number[ten thousand persons]","00","","All industries","0","","Both sexes","09","","Other","00000","","All Japan","2017000000","","2017","","78","61","5","0","0","0","5","1","3","11","6","5","12","5","7","14","8","7","18","7","11","17","9","7","5","3","2","1","0"
"01","","Actual number[ten thousand persons]","00","","All industries","0","","Both sexes","09","","Other","00000","","All Japan","2018000000","","2018","","80","59","5","1","0","1","5","1","3","12","7","5","12","6","7","13","7","7","16","6","10","21","11","10","6","4","3","1","0"
"01","","Actual number[ten thousand persons]","00","","All industries","0","","Both sexes","09","","Other","00000","","All Japan","2019000000","","2019","","86","63","6","1","0","1","6","2","4","12","7","5","12","5","7","14","7","6","18","7","11","23","10","13","8","5","4","1","0"
"01","","Actual number[ten thousand persons]","00","","All industries","0","","Both sexes","09","","Other","00000","","All Japan","2020000000","","2020","","85","62","7","1","0","1","7","2","5","12","7","5","11","5","6","14","7","7","18","7","11","23","10","13","8","5","4","1","0"
"01","","Actual number[ten thousand persons]","00","","All industries","0","","Both sexes","09","","Other","00000","","All Japan","2021000000","","2021","","82","60","7","0","0","0","7","2","5","12","6","6","11","5","6","14","7","7","16","6","9","22","9","13","9","4","3","1","0"
"01","","Actual number[ten thousand persons]","00","","All industries","0","","Both sexes","09","","Other","00000","","All Japan","2022000000","","2022","","83","60","7","0","0","0","6","2","4","13","7","5","11","5","6","13","6","7","17","6","11","23","9","13","8","6","4","1","0"
"01","","Actual number[ten thousand persons]","00","","All industries","0","","Both sexes","09","","Other","00000","","All Japan","2023000000","","2023","","85","62","7","1","0","1","6","2","4","14","8","6","10","5","5","13","6","7","18","7","11","23","9","14","8","6","4","1","0"
"01","","Actual number[ten thousand persons]","00","","All industries","0","","Both sexes","09","","Other","00000","","All Japan","2024000000","","2024","","86","63","7","1","0","1","6","2","4","14","8","7","11","6","5","14","6","7","17","7","10","23","10","13","7","6","4","1","0"
"01","","Actual number[ten thousand persons]","00","","All industries","1","","Male","00","","Employee","00000","","All Japan","2013000000","","2013","","3147","2914","238","43","8","36","195","63","131","630","296","335","807","397","410","668","351","316","571","297","275","233","142","91","62","29","22","5","2"
"01","","Actual number[ten thousand persons]","00","","All industries","1","","Male","00","","Employee","00000","","All Japan","2014000000","","2014","","3159","2905","241","44","7","37","196","67","129","621","292","329","799","380","419","679","359","320","566","299","267","253","156","98","67","31","22","6","2"
"01","","Actual number[ten thousand persons]","00","","All industries","1","","Male","00","","Employee","00000","","All Japan","2015000000","","2015","","3166","2889","245","45","8","37","200","69","131","607","285","322","786","365","422","695","366","328","557","297","259","277","174","103","70","33","23","8","2"
"01","","Actual number[ten thousand persons]","00","","All industries","1","","Male","00","","Employee","00000","","All Japan","2016000000","","2016","","3197","2899","258","50","9","41","207","70","138","602","284","318","772","353","419","716","387","329","552","297","254","299","190","109","71","38","27","8","3"
"01","","Actual number[ten thousand persons]","00","","All industries","1","","Male","00","","Employee","00000","","All Japan","2017000000","","2017","","3229","2914","258","48","8","40","210","71","139","596","279","317","761","347","414","738","402","337","560","303","257","315","193","122","78","44","32","9","3"
"01","","Actual number[ten thousand persons]","00","","All industries","1","","Male","00","","Employee","00000","","All Japan","2018000000","","2018","","3272","2935","273","53","10","43","220","78","142","593","280","314","743","341","402","761","413","348","565","309","257","337","193","144","96","48","34","10","3"
"01","","Actual number[ten thousand persons]","00","","All industries","1","","Male","00","","Employee","00000","","All Japan","2019000000","","2019","","3295","2936","280","56","11","45","224","81","142","586","281","306","720","334","386","779","421","358","572","312","260","358","190","168","111","56","42","11","4"
"01","","Actual number[ten thousand persons]","00","","All industries","1","","Male","00","","Employee","00000","","All Japan","2020000000","","2020","","3284","2923","274","49","9","39","225","80","144","581","282","299","701","329","372","790","424","366","578","319","260","361","184","177","118","59","42","12","4"
"01","","Actual number[ten thousand persons]","00","","All industries","1","","Male","00","","Employee","00000","","All Japan","2021000000","","2021","","3278","2915","270","48","8","40","222","76","145","579","285","294","685","327","359","803","420","383","579","319","260","363","178","184","124","60","42","14","5"
"01","","Actual number[ten thousand persons]","00","","All industries","1","","Male","00","","Employee","00000","","All Japan","2022000000","","2022","","3276","2908","265","50","9","41","215","76","139","574","284","289","669","320","348","808","412","396","593","326","266","369","175","194","126","68","46","15","6"
"01","","Actual number[ten thousand persons]","00","","All industries","1","","Male","00","","Employee","00000","","All Japan","2023000000","","2023","","3282","2912","272","51","10","41","222","77","144","573","287","286","654","314","340","802","398","404","611","338","273","371","175","196","123","73","51","16","5"
"01","","Actual number[ten thousand persons]","00","","All industries","1","","Male","00","","Employee","00000","","All Japan","2024000000","","2024","","3293","2913","279","53","11","42","225","80","145","578","291","287","639","305","334","794","384","411","622","346","276","381","179","201","122","79","56","17","6"
"01","","Actual number[ten thousand persons]","00","","All industries","1","","Male","02","","Employee, excl. executive of company or corporation","00000","","All Japan","2013000000","","2013","","2886","2719","237","43","8","36","194","63","131","619","292","326","762","379","383","609","324","285","492","261","231","167","110","57","43","14","12","2","1"
"01","","Actual number[ten thousand persons]","00","","All industries","1","","Male","02","","Employee, excl. executive of company or corporation","00000","","All Japan","2014000000","","2014","","2897","2711","240","44","7","37","196","67","129","608","289","319","755","363","392","618","329","289","490","263","227","185","123","63","47","16","13","3","1"
"01","","Actual number[ten thousand persons]","00","","All industries","1","","Male","02","","Employee, excl. executive of company or corporation","00000","","All Japan","2015000000","","2015","","2904","2699","244","45","8","37","199","69","130","595","282","313","743","349","394","634","336","298","483","263","220","206","139","67","49","18","14","3","1"
"01","","Actual number[ten thousand persons]","00","","All industries","1","","Male","02","","Employee, excl. executive of company or corporation","00000","","All Japan","2016000000","","2016","","2935","2711","257","50","9","41","207","70","137","591","281","310","729","336","392","654","356","298","481","263","218","224","153","71","51","20","17","3","1"
"01","","Actual number[ten thousand persons]","00","","All industries","1","","Male","02","","Employee, excl. executive of company or corporation","00000","","All Japan","2017000000","","2017","","2966","2727","257","48","8","40","209","71","138","584","276","309","719","332","387","676","370","306","490","270","220","239","156","83","57","25","20","4","1"
"01","","Actual number[ten thousand persons]","00","","All industries","1","","Male","02","","Employee, excl. executive of company or corporation","00000","","All Japan","2018000000","","2018","","3023","2763","272","53","10","43","219","78","141","584","277","307","706","327","379","702","383","319","498","276","222","262","161","100","72","28","22","5","1"
"01","","Actual number[ten thousand persons]","00","","All industries","1","","Male","02","","Employee, excl. executive of company or corporation","00000","","All Japan","2019000000","","2019","","3043","2763","278","56","11","45","222","81","141","577","277","300","683","320","363","718","390","328","506","279","226","281","160","121","86","34","28","5","1"
"01","","Actual number[ten thousand persons]","00","","All industries","1","","Male","02","","Employee, excl. executive of company or corporation","00000","","All Japan","2020000000","","2020","","3024","2743","272","49","9","39","223","80","143","572","279","293","662","315","347","726","391","335","511","284","225","282","154","127","92","35","29","6","1"
"01","","Actual number[ten thousand persons]","00","","All industries","1","","Male","02","","Employee, excl. executive of company or corporation","00000","","All Japan","2021000000","","2021","","3016","2734","269","48","8","40","221","76","145","569","282","287","649","313","336","736","387","349","510","286","225","282","149","133","96","37","28","7","2"
"01","","Actual number[ten thousand persons]","00","","All industries","1","","Male","02","","Employee, excl. executive of company or corporation","00000","","All Japan","2022000000","","2022","","3017","2728","264","50","9","41","214","76","138","564","281","283","634","307","327","742","380","362","523","291","232","289","147","142","99","42","32","8","3"
"01","","Actual number[ten thousand persons]","00","","All industries","1","","Male","02","","Employee, excl. executive of company or corporation","00000","","All Japan","2023000000","","2023","","3029","2734","272","51","10","41","221","77","144","563","284","279","621","301","320","736","368","368","542","303","239","296","148","147","100","48","36","9","2"
"01","","Actual number[ten thousand persons]","00","","All industries","1","","Male","02","","Employee, excl. executive of company or corporation","00000","","All Japan","2024000000","","2024","","3037","2734","278","53","11","42","225","80","144","568","288","280","608","293","315","728","353","375","552","310","242","303","152","151","99","51","40","9","2"
"01","","Actual number[ten thousand persons]","00","","All industries","1","","Male","03","","Regular staff","00000","","All Japan","2013000000","","2013","","2275","2225","130","15","2","14","115","27","88","517","235","282","692","342","349","554","296","258","332","227","105","50","34","16","11","5","4","1","0"
"01","","Actual number[ten thousand persons]","00","","All industries","1","","Male","03","","Regular staff","00000","","All Japan","2014000000","","2014","","2267","2213","135","17","1","16","118","28","90","506","233","274","682","325","356","561","300","261","329","228","101","53","36","17","12","5","4","1","0"
"01","","Actual number[ten thousand persons]","00","","All industries","1","","Male","03","","Regular staff","00000","","All Japan","2015000000","","2015","","2270","2212","137","16","1","14","122","30","92","497","228","269","670","311","359","577","307","270","331","228","103","58","40","18","12","6","4","1","1"
"01","","Actual number[ten thousand persons]","00","","All industries","1","","Male","03","","Regular staff","00000","","All Japan","2016000000","","2016","","2286","2224","143","18","2","17","124","29","96","497","229","268","658","301","357","597","326","271","330","229","101","62","43","19","12","6","5","1","0"
"01","","Actual number[ten thousand persons]","00","","All industries","1","","Male","03","","Regular staff","00000","","All Japan","2017000000","","2017","","2318","2250","143","16","2","15","127","29","98","496","228","268","653","297","356","616","339","278","342","237","105","68","46","22","14","8","6","2","1"
"01","","Actual number[ten thousand persons]","00","","All industries","1","","Male","03","","Regular staff","00000","","All Japan","2018000000","","2018","","2354","2283","146","16","2","15","129","30","100","500","230","270","641","294","347","641","350","291","353","244","109","72","47","25","18","7","5","1","***"
"01","","Actual number[ten thousand persons]","00","","All industries","1","","Male","03","","Regular staff","00000","","All Japan","2019000000","","2019","","2352","2278","147","16","1","14","131","32","100","493","231","263","619","288","332","655","356","299","362","248","114","75","46","28","20","8","6","2","***"
"01","","Actual number[ten thousand persons]","00","","All industries","1","","Male","03","","Regular staff","00000","","All Japan","2020000000","","2020","","2358","2280","146","15","1","14","130","29","101","490","234","255","603","285","318","666","360","306","375","255","121","79","46","32","24","9","6","2","0"
"01","","Actual number[ten thousand persons]","00","","All industries","1","","Male","03","","Regular staff","00000","","All Japan","2021000000","","2021","","2362","2280","146","15","1","13","131","29","102","490","239","251","591","284","307","675","356","318","378","256","122","82","47","35","25","10","7","2","1"
"01","","Actual number[ten thousand persons]","00","","All industries","1","","Male","03","","Regular staff","00000","","All Japan","2022000000","","2022","","2348","2264","140","13","1","12","126","28","98","484","236","248","575","277","298","678","348","330","387","260","127","83","48","35","25","10","7","2","1"
"01","","Actual number[ten thousand persons]","00","","All industries","1","","Male","03","","Regular staff","00000","","All Japan","2023000000","","2023","","2346","2262","142","12","1","11","130","28","102","481","238","243","563","270","293","674","338","336","402","269","133","85","48","37","25","12","8","2","1"
"01","","Actual number[ten thousand persons]","00","","All industries","1","","Male","03","","Regular staff","00000","","All Japan","2024000000","","2024","","2355","2268","141","12","1","11","129","26","102","488","243","245","552","264","288","667","324","343","419","278","141","87","49","38","25","13","9","2","1"
"01","","Actual number[ten thousand persons]","00","","All industries","1","","Male","10","","Non-regular staff","00000","","All Japan","2013000000","","2013","","610","494","107","28","6","22","79","36","43","101","58","44","70","37","33","55","28","27","160","35","126","116","76","40","31","9","8","1","0"
"01","","Actual number[ten thousand persons]","00","","All industries","1","","Male","10","","Non-regular staff","00000","","All Japan","2014000000","","2014","","630","498","105","27","6","21","77","38","39","102","56","46","73","37","35","58","29","29","161","36","126","132","87","45","35","10","9","2","0"
"01","","Actual number[ten thousand persons]","00","","All industries","1","","Male","10","","Non-regular staff","00000","","All Japan","2015000000","","2015","","634","487","107","29","6","23","78","39","38","98","54","44","73","38","35","57","29","28","152","35","117","148","99","49","37","12","10","2","0"
"01","","Actual number[ten thousand persons]","00","","All industries","1","","Male","10","","Non-regular staff","00000","","All Japan","2016000000","","2016","","648","486","114","32","8","24","82","41","41","93","52","41","71","36","35","58","30","28","150","34","117","162","110","52","38","14","12","2","0"
"01","","Actual number[ten thousand persons]","00","","All industries","1","","Male","10","","Non-regular staff","00000","","All Japan","2017000000","","2017","","647","477","114","32","6","25","82","42","41","89","48","40","66","35","31","59","32","28","149","33","115","170","110","60","43","17","14","2","0"
"01","","Actual number[ten thousand persons]","00","","All industries","1","","Male","10","","Non-regular staff","00000","","All Japan","2018000000","","2018","","669","480","126","36","8","28","90","48","42","83","47","37","65","34","31","61","32","28","145","33","112","189","114","76","54","21","17","4","1"
"01","","Actual number[ten thousand persons]","00","","All industries","1","","Male","10","","Non-regular staff","00000","","All Japan","2019000000","","2019","","691","484","131","40","9","30","91","49","42","84","47","37","64","33","31","63","34","29","143","31","112","206","114","93","66","27","22","4","1"
"01","","Actual number[ten thousand persons]","00","","All industries","1","","Male","10","","Non-regular staff","00000","","All Japan","2020000000","","2020","","665","462","127","33","8","25","94","51","43","82","44","38","60","31","29","60","31","29","135","30","105","202","107","96","68","27","22","4","1"
"01","","Actual number[ten thousand persons]","00","","All industries","1","","Male","10","","Non-regular staff","00000","","All Japan","2021000000","","2021","","653","454","123","33","7","26","90","47","43","79","44","36","58","29","29","61","31","30","133","30","102","200","101","98","71","27","22","4","1"
"01","","Actual number[ten thousand persons]","00","","All industries","1","","Male","10","","Non-regular staff","00000","","All Japan","2022000000","","2022","","669","463","124","36","8","29","88","48","40","80","45","35","59","30","29","64","32","32","136","32","105","206","99","106","74","32","25","6","1"
"01","","Actual number[ten thousand persons]","00","","All industries","1","","Male","10","","Non-regular staff","00000","","All Japan","2023000000","","2023","","683","472","130","39","8","30","91","49","42","82","46","36","58","31","28","62","30","32","140","34","106","211","100","111","75","36","28","7","1"
"01","","Actual number[ten thousand persons]","00","","All industries","1","","Male","10","","Non-regular staff","00000","","All Japan","2024000000","","2024","","682","465","137","41","10","31","96","54","42","79","45","35","56","29","27","61","29","32","132","32","100","216","103","113","75","39","31","7","1"
"01","","Actual number[ten thousand persons]","00","","All industries","1","","Male","04","","Part-time worker, Arbeit (temporary worker)","00000","","All Japan","2013000000","","2013","","301","239","89","26","6","20","63","32","31","49","30","19","27","14","13","21","10","10","53","13","40","62","40","23","18","5","4","1","0"
"01","","Actual number[ten thousand persons]","00","","All industries","1","","Male","04","","Part-time worker, Arbeit (temporary worker)","00000","","All Japan","2014000000","","2014","","304","236","87","25","6","20","62","35","27","48","28","19","29","15","13","20","10","10","52","13","39","68","42","26","20","6","5","1","0"
"01","","Actual number[ten thousand persons]","00","","All industries","1","","Male","04","","Part-time worker, Arbeit (temporary worker)","00000","","All Japan","2015000000","","2015","","312","234","90","27","6","21","62","35","27","46","28","19","29","15","14","21","10","11","48","13","35","79","50","28","22","7","5","1","0"
"01","","Actual number[ten thousand persons]","00","","All industries","1","","Male","04","","Part-time worker, Arbeit (temporary worker)","00000","","All Japan","2016000000","","2016","","324","235","94","30","7","23","64","37","28","45","27","18","28","14","14","21","11","10","47","13","34","89","57","31","23","9","7","1","0"
"01","","Actual number[ten thousand persons]","00","","All industries","1","","Male","04","","Part-time worker, Arbeit (temporary worker)","00000","","All Japan","2017000000","","2017","","324","231","98","30","6","24","67","38","30","42","25","17","26","14","12","22","12","10","43","13","31","92","57","35","25","10","8","1","0"
"01","","Actual number[ten thousand persons]","00","","All industries","1","","Male","04","","Part-time worker, Arbeit (temporary worker)","00000","","All Japan","2018000000","","2018","","347","242","110","35","8","27","75","44","32","40","23","17","26","13","13","23","13","11","42","12","30","105","59","47","34","13","10","2","0"
"01","","Actual number[ten thousand persons]","00","","All industries","1","","Male","04","","Part-time worker, Arbeit (temporary worker)","00000","","All Japan","2019000000","","2019","","354","242","113","38","9","29","74","45","31","39","23","16","25","12","13","24","13","11","40","12","28","113","58","55","39","16","13","2","0"
"01","","Actual number[ten thousand persons]","00","","All industries","1","","Male","04","","Part-time worker, Arbeit (temporary worker)","00000","","All Japan","2020000000","","2020","","347","235","111","32","8","24","78","46","33","38","22","16","24","12","12","22","12","11","39","12","27","112","55","57","41","17","14","2","0"
"01","","Actual number[ten thousand persons]","00","","All industries","1","","Male","04","","Part-time worker, Arbeit (temporary worker)","00000","","All Japan","2021000000","","2021","","340","231","107","32","7","25","76","43","32","38","22","16","24","12","12","24","12","12","38","12","26","109","51","58","42","16","13","2","0"
"01","","Actual number[ten thousand persons]","00","","All industries","1","","Male","04","","Part-time worker, Arbeit (temporary worker)","00000","","All Japan","2022000000","","2022","","349","237","111","35","7","28","76","45","31","38","22","16","25","14","12","25","13","13","38","12","26","111","48","63","44","19","15","4","1"
"01","","Actual number[ten thousand persons]","00","","All industries","1","","Male","04","","Part-time worker, Arbeit (temporary worker)","00000","","All Japan","2023000000","","2023","","354","240","113","37","8","29","76","45","31","38","22","16","26","14","11","25","12","13","38","13","25","114","49","66","43","22","18","4","1"
"01","","Actual number[ten thousand persons]","00","","All industries","1","","Male","04","","Part-time worker, Arbeit (temporary worker)","00000","","All Japan","2024000000","","2024","","364","248","122","40","10","30","82","51","32","38","23","16","25","14","11","26","13","13","37","13","25","116","48","67","43","24","20","4","1"
"01","","Actual number[ten thousand persons]","00","","All industries","1","","Male","05","","Part-time worker","00000","","All Japan","2013000000","","2013","","101","68","7","1","0","1","6","2","4","13","7","6","10","5","5","9","4","5","30","7","23","34","22","12","9","2","2","0","0"
"01","","Actual number[ten thousand persons]","00","","All industries","1","","Male","05","","Part-time worker","00000","","All Japan","2014000000","","2014","","103","66","6","1","0","1","5","2","4","13","6","7","10","5","5","8","4","4","29","7","22","37","23","14","11","3","3","0","0"
"01","","Actual number[ten thousand persons]","00","","All industries","1","","Male","05","","Part-time worker","00000","","All Japan","2015000000","","2015","","108","65","6","1","0","1","5","2","3","13","7","6","10","5","5","9","4","5","27","7","20","43","27","16","12","4","3","1","0"
"01","","Actual number[ten thousand persons]","00","","All industries","1","","Male","05","","Part-time worker","00000","","All Japan","2016000000","","2016","","115","67","6","1","0","1","6","2","4","13","7","6","11","6","5","9","4","5","27","7","20","49","31","17","13","4","4","1","0"
"01","","Actual number[ten thousand persons]","00","","All industries","1","","Male","05","","Part-time worker","00000","","All Japan","2017000000","","2017","","113","63","6","1","0","1","5","1","4","13","7","6","10","6","4","10","5","5","25","7","18","50","31","19","14","5","4","1","0"
"01","","Actual number[ten thousand persons]","00","","All industries","1","","Male","05","","Part-time worker","00000","","All Japan","2018000000","","2018","","121","62","6","1","0","1","5","2","3","11","6","6","10","5","5","11","5","5","25","6","18","58","34","24","17","7","6","1","0"
"01","","Actual number[ten thousand persons]","00","","All industries","1","","Male","05","","Part-time worker","00000","","All Japan","2019000000","","2019","","123","60","5","1","0","1","4","2","3","11","7","5","10","4","5","10","5","5","24","6","17","63","34","29","20","9","7","2","0"
"01","","Actual number[ten thousand persons]","00","","All industries","1","","Male","05","","Part-time worker","00000","","All Japan","2020000000","","2020","","122","59","6","1","0","1","5","2","3","11","6","5","10","5","5","10","5","5","23","6","17","63","32","31","22","9","8","1","0"
"01","","Actual number[ten thousand persons]","00","","All industries","1","","Male","05","","Part-time worker","00000","","All Japan","2021000000","","2021","","123","61","6","1","0","1","5","2","3","11","6","6","10","5","5","11","6","6","23","6","17","62","30","31","23","9","7","1","0"
"01","","Actual number[ten thousand persons]","00","","All industries","1","","Male","05","","Part-time worker","00000","","All Japan","2022000000","","2022","","124","63","5","1","0","1","4","1","3","12","6","6","11","6","5","12","6","6","23","6","16","62","29","33","23","10","8","2","0"
"01","","Actual number[ten thousand persons]","00","","All industries","1","","Male","05","","Part-time worker","00000","","All Japan","2023000000","","2023","","129","64","5","1","0","1","4","2","3","13","7","6","11","7","5","12","6","7","22","7","16","65","29","36","24","11","9","2","0"
"01","","Actual number[ten thousand persons]","00","","All industries","1","","Male","05","","Part-time worker","00000","","All Japan","2024000000","","2024","","132","65","6","1","0","1","5","2","3","13","7","6","11","6","5","13","6","7","22","7","15","67","30","37","24","13","10","2","0"
"01","","Actual number[ten thousand persons]","00","","All industries","1","","Male","06","","Arbeit (temporary worker)","00000","","All Japan","2013000000","","2013","","200","171","83","25","6","20","57","30","27","36","23","13","17","9","8","12","7","5","23","6","17","29","18","11","9","2","2","0","0"
"01","","Actual number[ten thousand persons]","00","","All industries","1","","Male","06","","Arbeit (temporary worker)","00000","","All Japan","2014000000","","2014","","201","170","81","25","6","19","56","33","24","35","22","13","19","10","9","12","6","6","23","6","17","31","19","12","9","3","2","0","0"
"01","","Actual number[ten thousand persons]","00","","All industries","1","","Male","06","","Arbeit (temporary worker)","00000","","All Japan","2015000000","","2015","","204","169","84","27","6","21","57","33","24","33","20","13","19","9","9","13","7","6","20","6","14","35","23","13","10","3","2","0","0"
"01","","Actual number[ten thousand persons]","00","","All industries","1","","Male","06","","Arbeit (temporary worker)","00000","","All Japan","2016000000","","2016","","208","169","88","29","7","22","59","35","24","32","20","12","17","8","9","12","6","6","20","6","14","40","26","14","10","4","3","1","0"
"01","","Actual number[ten thousand persons]","00","","All industries","1","","Male","06","","Arbeit (temporary worker)","00000","","All Japan","2017000000","","2017","","210","168","92","29","6","23","63","36","26","29","18","11","16","8","8","13","7","6","19","6","13","42","26","16","11","5","4","1","0"
"01","","Actual number[ten thousand persons]","00","","All industries","1","","Male","06","","Arbeit (temporary worker)","00000","","All Japan","2018000000","","2018","","226","179","104","34","8","26","70","42","29","28","18","11","16","9","7","13","7","5","18","6","12","47","25","22","16","6","5","1","0"
"01","","Actual number[ten thousand persons]","00","","All industries","1","","Male","06","","Arbeit (temporary worker)","00000","","All Japan","2019000000","","2019","","231","181","108","37","9","28","70","43","28","28","17","11","15","7","7","14","8","6","16","6","11","51","25","26","19","8","6","1","0"
"01","","Actual number[ten thousand persons]","00","","All industries","1","","Male","06","","Arbeit (temporary worker)","00000","","All Japan","2020000000","","2020","","224","176","105","31","8","24","73","44","30","28","17","11","14","8","6","13","7","6","16","6","10","49","23","26","19","8","6","1","0"
"01","","Actual number[ten thousand persons]","00","","All industries","1","","Male","06","","Arbeit (temporary worker)","00000","","All Japan","2021000000","","2021","","217","170","102","31","7","24","71","41","29","27","16","11","14","7","7","12","6","6","15","6","9","47","20","27","19","7","6","1","0"
"01","","Actual number[ten thousand persons]","00","","All industries","1","","Male","06","","Arbeit (temporary worker)","00000","","All Japan","2022000000","","2022","","224","175","106","34","7","27","71","44","28","27","16","11","14","8","6","13","6","7","16","6","10","50","20","30","20","9","7","2","0"
"01","","Actual number[ten thousand persons]","00","","All industries","1","","Male","06","","Arbeit (temporary worker)","00000","","All Japan","2023000000","","2023","","226","176","108","36","8","28","72","44","29","25","15","10","14","7","7","13","7","6","16","6","10","49","19","30","19","11","9","2","0"
"01","","Actual number[ten thousand persons]","00","","All industries","1","","Male","06","","Arbeit (temporary worker)","00000","","All Japan","2024000000","","2024","","232","183","116","39","10","29","77","49","28","25","16","9","14","8","7","13","7","6","15","6","10","49","19","30","19","11","9","2","0"
"01","","Actual number[ten thousand persons]","00","","All industries","1","","Male","07","","Dispatched worker from temporary labour agency","00000","","All Japan","2013000000","","2013","","48","42","5","0","0","0","4","1","3","13","7","7","12","6","5","7","4","3","6","2","4","6","3","2","2","1","0","0","0"
"01","","Actual number[ten thousand persons]","00","","All industries","1","","Male","07","","Dispatched worker from temporary labour agency","00000","","All Japan","2014000000","","2014","","48","42","4","1","0","0","3","1","2","12","7","6","11","6","5","8","4","3","6","3","4","6","4","3","2","1","1","0","***"
"01","","Actual number[ten thousand persons]","00","","All industries","1","","Male","07","","Dispatched worker from temporary labour agency","00000","","All Japan","2015000000","","2015","","50","43","4","0","0","0","4","1","3","12","6","7","12","6","6","8","5","3","7","3","4","7","5","2","2","1","0","0","0"
"01","","Actual number[ten thousand persons]","00","","All industries","1","","Male","07","","Dispatched worker from temporary labour agency","00000","","All Japan","2016000000","","2016","","55","46","5","1","0","0","5","2","3","13","6","6","12","6","6","9","5","4","7","3","4","9","6","3","2","1","1","0","0"
"01","","Actual number[ten thousand persons]","00","","All industries","1","","Male","07","","Dispatched worker from temporary labour agency","00000","","All Japan","2017000000","","2017","","53","44","4","0","0","0","4","1","3","12","6","6","11","6","5","10","6","4","7","3","3","8","5","3","2","1","1","0","0"
"01","","Actual number[ten thousand persons]","00","","All industries","1","","Male","07","","Dispatched worker from temporary labour agency","00000","","All Japan","2018000000","","2018","","51","43","4","0","0","0","4","1","3","11","6","5","11","5","5","10","5","4","7","3","3","8","5","4","2","1","1","0","0"
"01","","Actual number[ten thousand persons]","00","","All industries","1","","Male","07","","Dispatched worker from temporary labour agency","00000","","All Japan","2019000000","","2019","","56","47","5","1","0","0","4","1","3","12","7","6","11","6","6","11","6","5","8","3","4","9","4","5","3","1","1","0","0"
"01","","Actual number[ten thousand persons]","00","","All industries","1","","Male","07","","Dispatched worker from temporary labour agency","00000","","All Japan","2020000000","","2020","","54","44","4","0","0","0","4","1","3","12","6","6","11","5","5","10","6","5","8","4","4","9","4","5","3","1","1","0","0"
"01","","Actual number[ten thousand persons]","00","","All industries","1","","Male","07","","Dispatched worker from temporary labour agency","00000","","All Japan","2021000000","","2021","","53","43","4","0","0","0","3","1","3","12","6","5","10","5","5","11","6","5","7","4","3","10","5","6","4","2","2","0","0"
"01","","Actual number[ten thousand persons]","00","","All industries","1","","Male","07","","Dispatched worker from temporary labour agency","00000","","All Japan","2022000000","","2022","","59","48","5","0","0","0","4","1","3","13","7","6","11","5","6","12","6","5","8","5","3","11","4","6","4","2","2","0","0"
"01","","Actual number[ten thousand persons]","00","","All industries","1","","Male","07","","Dispatched worker from temporary labour agency","00000","","All Japan","2023000000","","2023","","61","50","5","0","0","0","5","1","3","13","7","6","10","6","5","13","6","7","9","5","4","11","4","7","4","2","2","0","0"
"01","","Actual number[ten thousand persons]","00","","All industries","1","","Male","07","","Dispatched worker from temporary labour agency","00000","","All Japan","2024000000","","2024","","59","48","4","0","0","0","4","1","3","13","7","6","10","5","5","11","5","6","10","5","5","11","5","7","4","3","2","1","0"
"01","","Actual number[ten thousand persons]","00","","All industries","1","","Male","11","","Contract employee","00000","","All Japan","2013000000","","2013","","147","127","10","1","0","1","9","2","7","30","16","14","23","12","11","19","9","10","46","12","34","20","15","5","4","1","1","0","***"
"01","","Actual number[ten thousand persons]","00","","All industries","1","","Male","11","","Contract employee","00000","","All Japan","2014000000","","2014","","159","135","10","1","0","1","9","2","7","31","15","16","25","12","13","21","10","11","48","12","36","24","18","6","5","1","1","0","***"
"01","","Actual number[ten thousand persons]","00","","All industries","1","","Male","11","","Contract employee","00000","","All Japan","2015000000","","2015","","154","127","9","1","0","1","8","2","6","29","15","14","24","13","11","20","10","10","45","12","33","27","20","7","5","1","1","0","0"
"01","","Actual number[ten thousand persons]","00","","All industries","1","","Male","11","","Contract employee","00000","","All Japan","2016000000","","2016","","154","125","9","1","0","1","8","2","7","28","15","13","22","12","11","20","10","10","45","12","33","29","22","7","6","1","1","0","0"
"01","","Actual number[ten thousand persons]","00","","All industries","1","","Male","11","","Contract employee","00000","","All Japan","2017000000","","2017","","156","124","9","1","0","1","8","2","6","26","13","13","22","12","10","19","10","9","48","12","36","32","23","10","8","2","2","0","0"
"01","","Actual number[ten thousand persons]","00","","All industries","1","","Male","11","","Contract employee","00000","","All Japan","2018000000","","2018","","156","120","8","1","0","1","8","2","5","24","13","11","21","11","10","20","11","9","48","12","36","36","25","11","9","2","2","0","0"
"01","","Actual number[ten thousand persons]","00","","All industries","1","","Male","11","","Contract employee","00000","","All Japan","2019000000","","2019","","156","118","8","1","0","1","8","2","5","23","12","10","20","11","9","20","11","10","46","11","35","38","25","13","11","3","3","0","0"
"01","","Actual number[ten thousand persons]","00","","All industries","1","","Male","11","","Contract employee","00000","","All Japan","2020000000","","2020","","146","108","7","0","0","0","7","2","4","22","11","11","18","9","9","19","10","10","42","10","32","38","24","14","11","3","3","0","0"
"01","","Actual number[ten thousand persons]","00","","All industries","1","","Male","11","","Contract employee","00000","","All Japan","2021000000","","2021","","147","109","7","0","0","0","6","1","5","21","11","10","18","9","9","20","10","10","44","10","34","38","23","16","13","3","2","0","0"
"01","","Actual number[ten thousand persons]","00","","All industries","1","","Male","11","","Contract employee","00000","","All Japan","2022000000","","2022","","150","108","6","0","0","0","5","1","4","20","11","10","17","8","8","20","10","10","45","11","35","42","24","18","14","4","3","1","0"
"01","","Actual number[ten thousand persons]","00","","All industries","1","","Male","11","","Contract employee","00000","","All Japan","2023000000","","2023","","152","109","6","0","0","0","6","2","5","21","11","10","16","8","8","18","9","9","46","11","35","43","25","19","14","5","4","1","0"
"01","","Actual number[ten thousand persons]","00","","All industries","1","","Male","11","","Contract employee","00000","","All Japan","2024000000","","2024","","147","101","6","1","0","0","6","1","4","20","11","9","15","7","8","17","8","9","44","10","33","45","26","19","14","5","4","1","0"
"01","","Actual number[ten thousand persons]","00","","All industries","1","","Male","12","","Entrusted employee","00000","","All Japan","2013000000","","2013","","72","54","1","***","***","***","1","0","0","2","1","1","3","1","1","4","2","2","44","4","41","19","13","6","4","2","1","0","0"
"01","","Actual number[ten thousand persons]","00","","All industries","1","","Male","12","","Entrusted employee","00000","","All Japan","2014000000","","2014","","76","53","1","0","***","0","1","0","0","3","2","1","3","1","1","3","1","2","44","4","40","23","16","6","5","2","1","0","0"
"01","","Actual number[ten thousand persons]","00","","All industries","1","","Male","12","","Entrusted employee","00000","","All Japan","2015000000","","2015","","75","50","1","0","***","0","1","0","0","3","1","1","3","1","1","3","1","2","42","3","39","24","18","6","5","2","1","0","0"
"01","","Actual number[ten thousand persons]","00","","All industries","1","","Male","12","","Entrusted employee","00000","","All Japan","2016000000","","2016","","74","50","1","***","***","***","1","0","0","2","1","1","2","1","1","3","1","2","42","3","38","25","18","7","5","2","2","0","0"
"01","","Actual number[ten thousand persons]","00","","All industries","1","","Male","12","","Entrusted employee","00000","","All Japan","2017000000","","2017","","75","49","1","0","***","0","1","0","1","3","1","1","2","1","1","3","1","2","41","3","38","26","18","7","5","2","2","0","0"
"01","","Actual number[ten thousand persons]","00","","All industries","1","","Male","12","","Entrusted employee","00000","","All Japan","2018000000","","2018","","75","48","0","0","***","0","0","0","0","2","1","1","2","1","1","2","1","1","41","3","38","27","18","9","6","2","2","0","0"
"01","","Actual number[ten thousand persons]","00","","All industries","1","","Male","12","","Entrusted employee","00000","","All Japan","2019000000","","2019","","81","49","1","0","***","0","1","0","0","2","1","1","2","1","1","3","1","1","42","3","39","31","20","12","8","3","3","0","0"
"01","","Actual number[ten thousand persons]","00","","All industries","1","","Male","12","","Entrusted employee","00000","","All Japan","2020000000","","2020","","75","45","1","0","***","0","1","0","1","2","1","1","2","1","1","2","1","1","38","2","36","30","18","11","8","3","2","0","0"
"01","","Actual number[ten thousand persons]","00","","All industries","1","","Male","12","","Entrusted employee","00000","","All Japan","2021000000","","2021","","72","43","1","0","***","0","1","0","0","2","1","1","1","1","1","2","1","1","37","2","34","29","18","11","8","3","2","1","0"
"01","","Actual number[ten thousand persons]","00","","All industries","1","","Male","12","","Entrusted employee","00000","","All Japan","2022000000","","2022","","71","43","0","0","***","0","0","0","0","2","1","1","2","1","1","2","1","1","37","2","35","29","17","11","8","3","2","0","0"
"01","","Actual number[ten thousand persons]","00","","All industries","1","","Male","12","","Entrusted employee","00000","","All Japan","2023000000","","2023","","73","44","1","0","***","0","0","0","0","2","1","1","1","1","1","2","1","1","38","2","36","29","17","12","8","4","3","1","0"
"01","","Actual number[ten thousand persons]","00","","All industries","1","","Male","12","","Entrusted employee","00000","","All Japan","2024000000","","2024","","71","40","1","0","***","0","1","0","1","1","1","1","1","1","0","2","1","1","35","2","33","30","18","12","8","4","3","1","0"
"01","","Actual number[ten thousand persons]","00","","All industries","1","","Male","09","","Other","00000","","All Japan","2013000000","","2013","","42","32","3","0","0","0","2","1","2","8","4","3","6","3","3","5","2","3","11","3","7","10","5","5","3","1","1","0","0"
"01","","Actual number[ten thousand persons]","00","","All industries","1","","Male","09","","Other","00000","","All Japan","2014000000","","2014","","43","33","3","0","***","0","3","1","2","8","4","3","5","3","3","6","3","3","11","3","8","10","6","5","3","2","1","0","0"
"01","","Actual number[ten thousand persons]","00","","All industries","1","","Male","09","","Other","00000","","All Japan","2015000000","","2015","","42","32","3","0","0","0","3","1","2","8","4","4","5","3","3","5","3","2","10","3","7","11","6","5","3","2","1","0","0"
"01","","Actual number[ten thousand persons]","00","","All industries","1","","Male","09","","Other","00000","","All Japan","2016000000","","2016","","42","31","4","0","0","0","4","1","3","6","4","3","6","3","3","5","2","2","10","3","7","11","7","4","3","2","1","0","0"
"01","","Actual number[ten thousand persons]","00","","All industries","1","","Male","09","","Other","00000","","All Japan","2017000000","","2017","","40","28","3","0","0","0","2","1","2","6","3","3","5","2","3","5","3","3","10","3","7","12","7","5","3","2","1","0","0"
"01","","Actual number[ten thousand persons]","00","","All industries","1","","Male","09","","Other","00000","","All Japan","2018000000","","2018","","40","27","3","0","0","0","3","1","2","6","4","3","5","3","2","5","2","2","8","2","6","13","7","6","4","3","2","1","0"
"01","","Actual number[ten thousand persons]","00","","All industries","1","","Male","09","","Other","00000","","All Japan","2019000000","","2019","","43","29","4","0","0","0","4","1","3","7","4","3","5","3","2","5","3","2","8","2","6","14","6","8","5","3","2","1","0"
"01","","Actual number[ten thousand persons]","00","","All industries","1","","Male","09","","Other","00000","","All Japan","2020000000","","2020","","43","30","4","0","0","0","4","1","3","7","4","3","5","2","3","5","3","2","8","2","6","14","6","8","5","3","2","1","0"
"01","","Actual number[ten thousand persons]","00","","All industries","1","","Male","09","","Other","00000","","All Japan","2021000000","","2021","","41","28","4","0","***","0","4","1","3","6","3","3","5","2","2","5","3","3","7","2","5","13","5","8","5","3","2","1","0"
"01","","Actual number[ten thousand persons]","00","","All industries","1","","Male","09","","Other","00000","","All Japan","2022000000","","2022","","40","27","3","0","0","0","3","1","2","7","4","3","5","2","2","5","2","3","8","2","6","13","5","8","4","3","2","1","0"
"01","","Actual number[ten thousand persons]","00","","All industries","1","","Male","09","","Other","00000","","All Japan","2023000000","","2023","","43","30","4","1","0","1","4","1","3","8","5","3","5","2","2","5","2","2","9","3","6","13","5","8","4","4","2","1","0"
"01","","Actual number[ten thousand persons]","00","","All industries","1","","Male","09","","Other","00000","","All Japan","2024000000","","2024","","41","28","4","1","0","1","4","1","3","7","4","3","5","3","2","5","2","3","7","2","5","13","6","7","4","3","2","1","0"
"01","","Actual number[ten thousand persons]","00","","All industries","2","","Female","00","","Employee","00000","","All Japan","2013000000","","2013","","2406","2264","239","43","9","34","196","62","134","487","245","241","594","281","312","538","284","254","407","222","185","142","90","52","35","17","11","4","1"
"01","","Actual number[ten thousand persons]","00","","All industries","2","","Female","00","","Employee","00000","","All Japan","2014000000","","2014","","2436","2276","240","46","9","36","194","65","130","480","242","238","598","276","322","552","293","259","406","226","180","161","102","59","41","18","12","4","2"
"01","","Actual number[ten thousand persons]","00","","All industries","2","","Female","00","","Employee","00000","","All Japan","2015000000","","2015","","2474","2293","239","46","10","36","194","65","128","474","237","236","598","270","328","572","302","270","410","231","179","181","114","67","46","21","14","5","2"
"01","","Actual number[ten thousand persons]","00","","All industries","2","","Female","00","","Employee","00000","","All Japan","2016000000","","2016","","2531","2331","250","47","9","38","204","70","134","475","237","238","593","262","331","597","322","275","416","237","179","201","131","69","46","24","17","5","2"
"01","","Actual number[ten thousand persons]","00","","All industries","2","","Female","00","","Employee","00000","","All Japan","2017000000","","2017","","2590","2374","251","48","9","39","204","70","133","480","236","244","593","262","331","623","339","283","427","244","183","215","134","82","55","27","19","6","2"
"01","","Actual number[ten thousand persons]","00","","All industries","2","","Female","00","","Employee","00000","","All Japan","2018000000","","2018","","2681","2443","272","57","12","44","217","77","139","486","241","247","597","265","333","646","349","297","440","251","190","237","138","99","66","33","24","6","2"
"01","","Actual number[ten thousand persons]","00","","All industries","2","","Female","00","","Employee","00000","","All Japan","2019000000","","2019","","2734","2482","282","60","14","47","222","81","141","488","245","244","587","266","321","671","361","310","454","258","196","251","140","112","75","37","27","7","3"
"01","","Actual number[ten thousand persons]","00","","All industries","2","","Female","00","","Employee","00000","","All Japan","2020000000","","2020","","2721","2464","273","54","11","42","219","77","143","487","249","239","566","260","306","677","363","314","461","263","198","257","136","121","82","38","29","7","3"
"01","","Actual number[ten thousand persons]","00","","All industries","2","","Female","00","","Employee","00000","","All Japan","2021000000","","2021","","2739","2473","272","53","11","42","220","78","142","492","254","238","556","259","297","688","359","329","465","264","201","265","135","131","91","39","28","9","3"
"01","","Actual number[ten thousand persons]","00","","All industries","2","","Female","00","","Employee","00000","","All Japan","2022000000","","2022","","2765","2495","271","54","13","42","216","75","141","492","256","236","551","257","294","699","354","345","482","273","209","270","131","139","94","45","32","10","3"
"01","","Actual number[ten thousand persons]","00","","All industries","2","","Female","00","","Employee","00000","","All Japan","2023000000","","2023","","2793","2516","277","59","14","44","219","76","143","495","258","237","544","254","290","698","346","352","502","284","218","277","135","143","92","51","37","11","3"
"01","","Actual number[ten thousand persons]","00","","All industries","2","","Female","00","","Employee","00000","","All Japan","2024000000","","2024","","2830","2539","280","60","17","44","220","78","142","503","262","241","540","252","287","697","336","361","519","295","224","291","141","150","89","61","44","12","5"
"01","","Actual number[ten thousand persons]","00","","All industries","2","","Female","02","","Employee, excl. executive of company or corporation","00000","","All Japan","2013000000","","2013","","2324","2205","239","43","9","34","196","62","134","483","244","239","582","277","305","520","276","245","381","211","170","118","78","40","29","11","8","3","1"
"01","","Actual number[ten thousand persons]","00","","All industries","2","","Female","02","","Employee, excl. executive of company or corporation","00000","","All Japan","2014000000","","2014","","2352","2217","239","46","9","36","194","64","129","477","241","237","587","272","315","532","284","248","381","215","166","135","90","45","33","12","9","2","1"
"01","","Actual number[ten thousand persons]","00","","All industries","2","","Female","02","","Employee, excl. executive of company or corporation","00000","","All Japan","2015000000","","2015","","2388","2235","239","46","10","36","193","65","128","470","236","234","586","266","320","553","294","259","386","220","166","154","102","52","38","14","10","3","1"
"01","","Actual number[ten thousand persons]","00","","All industries","2","","Female","02","","Employee, excl. executive of company or corporation","00000","","All Japan","2016000000","","2016","","2446","2272","250","47","9","38","203","69","134","471","235","235","582","258","324","577","313","265","392","225","167","174","118","56","39","17","13","3","1"
"01","","Actual number[ten thousand persons]","00","","All industries","2","","Female","02","","Employee, excl. executive of company or corporation","00000","","All Japan","2017000000","","2017","","2504","2317","251","48","9","39","203","70","133","476","235","242","583","258","325","603","329","274","404","232","172","187","120","66","46","20","15","4","1"
"01","","Actual number[ten thousand persons]","00","","All industries","2","","Female","02","","Employee, excl. executive of company or corporation","00000","","All Japan","2018000000","","2018","","2599","2391","272","57","12","44","216","77","138","483","239","244","587","261","327","629","341","288","419","240","179","207","126","81","57","24","19","4","1"
"01","","Actual number[ten thousand persons]","00","","All industries","2","","Female","02","","Employee, excl. executive of company or corporation","00000","","All Japan","2019000000","","2019","","2649","2427","281","60","14","47","221","81","140","485","244","241","576","262","314","653","353","300","432","246","186","221","128","93","66","28","22","5","1"
"01","","Actual number[ten thousand persons]","00","","All industries","2","","Female","02","","Employee, excl. executive of company or corporation","00000","","All Japan","2020000000","","2020","","2637","2409","272","54","11","42","218","77","142","484","248","236","555","256","300","659","354","305","439","252","187","227","126","101","73","30","23","5","2"
"01","","Actual number[ten thousand persons]","00","","All industries","2","","Female","02","","Employee, excl. executive of company or corporation","00000","","All Japan","2021000000","","2021","","2656","2421","272","53","11","42","219","78","142","489","253","236","546","256","291","669","351","318","445","254","190","235","124","111","80","31","23","6","2"
"01","","Actual number[ten thousand persons]","00","","All industries","2","","Female","02","","Employee, excl. executive of company or corporation","00000","","All Japan","2022000000","","2022","","2682","2442","270","54","13","42","216","75","141","488","254","234","541","253","289","680","345","335","461","263","199","240","121","119","83","36","26","7","2"
"01","","Actual number[ten thousand persons]","00","","All industries","2","","Female","02","","Employee, excl. executive of company or corporation","00000","","All Japan","2023000000","","2023","","2709","2462","277","59","14","44","218","76","142","492","257","235","535","251","284","678","337","341","481","275","206","247","125","122","82","40","30","8","2"
"01","","Actual number[ten thousand persons]","00","","All industries","2","","Female","02","","Employee, excl. executive of company or corporation","00000","","All Japan","2024000000","","2024","","2743","2483","280","60","17","44","220","78","141","500","261","239","530","249","281","677","327","350","496","284","212","260","131","129","80","49","37","9","3"
"01","","Actual number[ten thousand persons]","00","","All industries","2","","Female","03","","Regular staff","00000","","All Japan","2013000000","","2013","","1028","997","114","9","0","9","105","22","82","283","151","133","263","133","130","212","113","99","124","82","42","31","18","13","8","5","3","1","0"
"01","","Actual number[ten thousand persons]","00","","All industries","2","","Female","03","","Regular staff","00000","","All Japan","2014000000","","2014","","1020","987","113","9","0","8","104","24","81","276","149","127","262","131","131","214","114","100","122","83","38","33","19","14","9","5","3","1","0"
"01","","Actual number[ten thousand persons]","00","","All industries","2","","Female","03","","Regular staff","00000","","All Japan","2015000000","","2015","","1043","1008","114","8","0","8","106","24","82","279","149","130","266","130","136","223","119","104","126","87","39","35","20","15","9","6","4","2","1"
"01","","Actual number[ten thousand persons]","00","","All industries","2","","Female","03","","Regular staff","00000","","All Japan","2016000000","","2016","","1078","1042","122","9","0","9","113","26","87","285","151","133","269","127","142","236","127","109","130","90","40","37","21","15","9","7","4","2","1"
"01","","Actual number[ten thousand persons]","00","","All industries","2","","Female","03","","Regular staff","00000","","All Japan","2017000000","","2017","","1114","1074","124","10","0","10","115","26","89","291","153","137","277","130","148","250","136","113","131","92","40","41","23","18","10","8","5","2","1"
"01","","Actual number[ten thousand persons]","00","","All industries","2","","Female","03","","Regular staff","00000","","All Japan","2018000000","","2018","","1143","1104","128","9","0","9","118","28","91","301","160","141","279","132","147","263","144","119","134","93","41","39","21","18","10","7","5","2","1"
"01","","Actual number[ten thousand persons]","00","","All industries","2","","Female","03","","Regular staff","00000","","All Japan","2019000000","","2019","","1168","1129","130","9","0","9","120","26","93","306","165","141","279","134","145","276","152","124","139","96","43","40","20","19","12","8","5","2","1"
"01","","Actual number[ten thousand persons]","00","","All industries","2","","Female","03","","Regular staff","00000","","All Japan","2020000000","","2020","","1203","1163","133","9","0","9","123","25","98","318","173","145","280","137","143","286","157","129","146","99","47","41","20","21","13","8","5","2","1"
"01","","Actual number[ten thousand persons]","00","","All industries","2","","Female","03","","Regular staff","00000","","All Japan","2021000000","","2021","","1234","1192","133","9","0","9","124","27","97","331","182","148","281","139","142","295","158","137","153","104","49","42","20","22","13","9","6","2","1"
"01","","Actual number[ten thousand persons]","00","","All industries","2","","Female","03","","Regular staff","00000","","All Japan","2022000000","","2022","","1250","1208","128","7","0","7","121","25","96","336","185","150","279","139","141","307","160","147","159","107","51","41","19","22","13","9","5","2","1"
"01","","Actual number[ten thousand persons]","00","","All industries","2","","Female","03","","Regular staff","00000","","All Japan","2023000000","","2023","","1268","1227","130","8","0","8","122","24","98","337","185","152","281","140","141","310","159","151","169","114","55","41","20","22","12","10","6","3","1"
"01","","Actual number[ten thousand persons]","00","","All industries","2","","Female","03","","Regular staff","00000","","All Japan","2024000000","","2024","","1299","1256","127","7","0","7","120","22","98","350","190","160","285","140","145","317","159","159","177","119","58","43","21","21","11","11","6","3","2"
"01","","Actual number[ten thousand persons]","00","","All industries","2","","Female","10","","Non-regular staff","00000","","All Japan","2013000000","","2013","","1296","1209","125","33","9","25","91","40","52","200","94","106","319","144","176","308","163","145","257","129","128","87","60","27","20","6","5","1","0"
"01","","Actual number[ten thousand persons]","00","","All industries","2","","Female","10","","Non-regular staff","00000","","All Japan","2014000000","","2014","","1332","1230","126","37","9","28","89","41","49","201","92","109","325","141","184","318","170","148","260","132","127","102","71","31","25","7","5","1","0"
"01","","Actual number[ten thousand persons]","00","","All industries","2","","Female","10","","Non-regular staff","00000","","All Japan","2015000000","","2015","","1345","1226","124","37","9","28","87","41","47","192","88","104","320","136","184","330","175","155","260","133","127","119","82","37","29","8","7","1","0"
"01","","Actual number[ten thousand persons]","00","","All industries","2","","Female","10","","Non-regular staff","00000","","All Japan","2016000000","","2016","","1367","1230","128","38","9","29","90","43","46","186","84","102","313","131","182","342","186","156","262","135","127","137","97","41","30","11","9","2","0"
"01","","Actual number[ten thousand persons]","00","","All industries","2","","Female","10","","Non-regular staff","00000","","All Japan","2017000000","","2017","","1389","1243","126","38","9","29","88","44","44","185","81","104","306","129","177","354","193","161","273","141","132","146","97","49","36","12","10","2","0"
"01","","Actual number[ten thousand persons]","00","","All industries","2","","Female","10","","Non-regular staff","00000","","All Japan","2018000000","","2018","","1456","1287","145","48","12","36","98","49","48","183","80","103","308","129","179","366","197","169","285","147","138","168","105","64","47","17","14","2","***"
"01","","Actual number[ten thousand persons]","00","","All industries","2","","Female","10","","Non-regular staff","00000","","All Japan","2019000000","","2019","","1481","1299","153","51","14","38","101","54","47","179","80","100","297","128","169","377","201","176","293","150","143","181","108","74","54","20","17","3","***"
"01","","Actual number[ten thousand persons]","00","","All industries","2","","Female","10","","Non-regular staff","00000","","All Japan","2020000000","","2020","","1433","1246","140","45","11","34","95","51","43","166","75","90","275","119","157","373","197","176","292","152","140","186","106","81","60","21","18","3","***"
"01","","Actual number[ten thousand persons]","00","","All industries","2","","Female","10","","Non-regular staff","00000","","All Japan","2021000000","","2021","","1422","1229","139","44","10","33","96","51","45","158","71","87","266","117","149","374","192","181","292","150","142","193","104","89","67","22","17","4","1"
"01","","Actual number[ten thousand persons]","00","","All industries","2","","Female","10","","Non-regular staff","00000","","All Japan","2022000000","","2022","","1432","1233","142","47","12","35","95","50","45","153","69","83","262","114","148","373","185","188","303","155","148","199","102","97","70","27","21","5","1"
"01","","Actual number[ten thousand persons]","00","","All industries","2","","Female","10","","Non-regular staff","00000","","All Japan","2023000000","","2023","","1441","1235","147","51","14","37","97","53","44","154","72","83","254","111","143","368","178","190","312","161","151","206","106","100","70","30","24","5","1"
"01","","Actual number[ten thousand persons]","00","","All industries","2","","Female","10","","Non-regular staff","00000","","All Japan","2024000000","","2024","","1444","1227","153","53","16","37","99","56","43","150","71","79","245","109","136","360","168","192","319","165","154","217","109","108","70","38","30","6","1"
"01","","Actual number[ten thousand persons]","00","","All industries","2","","Female","04","","Part-time worker, Arbeit (temporary worker)","00000","","All Japan","2013000000","","2013","","1019","948","103","32","9","23","71","35","36","135","63","73","249","109","141","249","131","119","210","108","102","71","50","21","16","4","3","1","0"
"01","","Actual number[ten thousand persons]","00","","All industries","2","","Female","04","","Part-time worker, Arbeit (temporary worker)","00000","","All Japan","2014000000","","2014","","1042","957","105","35","9","26","70","36","34","136","60","76","251","107","144","254","135","118","212","109","103","85","59","25","20","5","4","1","0"
"01","","Actual number[ten thousand persons]","00","","All industries","2","","Female","04","","Part-time worker, Arbeit (temporary worker)","00000","","All Japan","2015000000","","2015","","1053","953","104","35","9","26","68","36","32","129","56","73","247","102","144","262","138","125","211","109","102","100","69","31","24","6","5","1","0"
"01","","Actual number[ten thousand persons]","00","","All industries","2","","Female","04","","Part-time worker, Arbeit (temporary worker)","00000","","All Japan","2016000000","","2016","","1074","959","108","36","9","28","72","39","33","126","54","72","241","99","142","271","147","124","212","111","101","115","82","33","25","8","7","1","0"
"01","","Actual number[ten thousand persons]","00","","All industries","2","","Female","04","","Part-time worker, Arbeit (temporary worker)","00000","","All Japan","2017000000","","2017","","1090","967","108","36","9","27","72","40","32","127","52","75","234","96","138","280","153","128","217","113","104","123","83","40","30","10","8","1","0"
"01","","Actual number[ten thousand persons]","00","","All industries","2","","Female","04","","Part-time worker, Arbeit (temporary worker)","00000","","All Japan","2018000000","","2018","","1147","1005","125","47","12","35","79","45","35","124","51","74","239","98","141","291","156","136","226","118","108","141","87","54","40","14","12","2","0"
"01","","Actual number[ten thousand persons]","00","","All industries","2","","Female","04","","Part-time worker, Arbeit (temporary worker)","00000","","All Japan","2019000000","","2019","","1168","1017","132","50","13","36","83","49","34","122","51","73","231","98","133","299","160","140","231","120","111","152","89","62","45","15","14","2","0"
"01","","Actual number[ten thousand persons]","00","","All industries","2","","Female","04","","Part-time worker, Arbeit (temporary worker)","00000","","All Japan","2020000000","","2020","","1131","976","122","44","11","33","79","47","32","111","46","66","215","92","123","295","156","140","230","122","108","156","88","67","50","16","15","2","0"
"01","","Actual number[ten thousand persons]","00","","All industries","2","","Female","04","","Part-time worker, Arbeit (temporary worker)","00000","","All Japan","2021000000","","2021","","1123","961","122","43","10","33","79","47","33","106","44","61","208","90","118","295","151","143","231","121","110","161","87","74","56","17","13","3","0"
"01","","Actual number[ten thousand persons]","00","","All industries","2","","Female","04","","Part-time worker, Arbeit (temporary worker)","00000","","All Japan","2022000000","","2022","","1126","959","126","47","12","34","79","46","33","101","43","59","203","88","116","293","146","147","236","124","112","166","84","82","60","22","17","4","1"
"01","","Actual number[ten thousand persons]","00","","All industries","2","","Female","04","","Part-time worker, Arbeit (temporary worker)","00000","","All Japan","2023000000","","2023","","1134","963","131","49","14","36","82","49","33","102","44","58","198","85","113","290","140","150","241","128","114","171","87","85","60","25","20","4","1"
"01","","Actual number[ten thousand persons]","00","","All industries","2","","Female","04","","Part-time worker, Arbeit (temporary worker)","00000","","All Japan","2024000000","","2024","","1138","956","137","52","16","36","85","52","33","99","44","55","192","85","107","282","132","150","246","130","116","182","91","92","60","32","26","5","1"
"01","","Actual number[ten thousand persons]","00","","All industries","2","","Female","05","","Part-time worker","00000","","All Japan","2013000000","","2013","","826","764","19","2","0","2","18","5","13","98","40","58","222","95","127","231","120","111","194","101","94","62","44","18","15","4","3","1","0"
"01","","Actual number[ten thousand persons]","00","","All industries","2","","Female","05","","Part-time worker","00000","","All Japan","2014000000","","2014","","840","766","18","2","0","1","16","4","12","98","38","60","222","93","129","232","123","109","196","102","94","74","52","22","18","4","3","1","0"
"01","","Actual number[ten thousand persons]","00","","All industries","2","","Female","05","","Part-time worker","00000","","All Japan","2015000000","","2015","","852","765","17","2","0","1","15","4","11","94","35","58","219","89","130","241","126","115","195","101","94","87","61","26","21","5","4","1","0"
"01","","Actual number[ten thousand persons]","00","","All industries","2","","Female","05","","Part-time worker","00000","","All Japan","2016000000","","2016","","869","768","17","2","0","2","15","4","11","93","35","58","214","86","128","249","134","114","196","103","92","101","72","29","22","7","6","1","0"
"01","","Actual number[ten thousand persons]","00","","All industries","2","","Female","05","","Part-time worker","00000","","All Japan","2017000000","","2017","","884","775","16","1","0","1","14","4","10","93","33","59","208","84","123","258","140","118","201","106","95","109","73","35","27","9","7","1","0"
"01","","Actual number[ten thousand persons]","00","","All industries","2","","Female","05","","Part-time worker","00000","","All Japan","2018000000","","2018","","917","794","15","2","0","1","13","3","9","93","33","60","212","86","127","267","142","125","208","109","98","123","76","47","34","12","11","1","0"
"01","","Actual number[ten thousand persons]","00","","All industries","2","","Female","05","","Part-time worker","00000","","All Japan","2019000000","","2019","","928","796","14","1","0","1","13","4","9","92","33","59","204","85","119","274","145","129","212","111","101","132","79","54","39","14","12","1","0"
"01","","Actual number[ten thousand persons]","00","","All industries","2","","Female","05","","Part-time worker","00000","","All Japan","2020000000","","2020","","907","770","13","2","0","1","12","3","9","83","30","53","191","80","111","270","142","128","212","114","99","137","79","59","44","15","13","2","0"
"01","","Actual number[ten thousand persons]","00","","All industries","2","","Female","05","","Part-time worker","00000","","All Japan","2021000000","","2021","","901","758","12","1","0","1","11","3","8","79","29","50","183","78","105","271","139","132","212","111","101","142","78","64","49","15","12","3","0"
"01","","Actual number[ten thousand persons]","00","","All industries","2","","Female","05","","Part-time worker","00000","","All Japan","2022000000","","2022","","897","751","12","1","0","1","10","3","8","74","27","47","180","76","104","269","133","136","217","114","103","146","74","71","52","19","15","3","0"
"01","","Actual number[ten thousand persons]","00","","All industries","2","","Female","05","","Part-time worker","00000","","All Japan","2023000000","","2023","","901","751","11","1","0","1","10","3","8","74","28","46","176","74","102","266","129","138","223","118","105","150","77","74","52","22","18","3","0"
"01","","Actual number[ten thousand persons]","00","","All industries","2","","Female","05","","Part-time worker","00000","","All Japan","2024000000","","2024","","896","736","11","1","0","1","10","2","8","71","27","44","170","73","97","258","120","138","226","120","107","160","80","80","52","28","23","4","1"
"01","","Actual number[ten thousand persons]","00","","All industries","2","","Female","06","","Arbeit (temporary worker)","00000","","All Japan","2013000000","","2013","","192","184","84","30","9","22","54","30","23","37","22","15","27","14","14","19","11","8","16","7","9","9","6","2","2","1","0","0","0"
"01","","Actual number[ten thousand persons]","00","","All industries","2","","Female","06","","Arbeit (temporary worker)","00000","","All Japan","2014000000","","2014","","202","192","88","34","9","25","54","31","23","38","22","16","28","14","14","21","13","9","16","8","9","11","8","3","2","1","1","0","0"
"01","","Actual number[ten thousand persons]","00","","All industries","2","","Female","06","","Arbeit (temporary worker)","00000","","All Japan","2015000000","","2015","","201","187","87","34","9","25","53","32","21","35","20","15","28","14","15","21","11","10","16","8","8","13","9","4","3","1","1","0","0"
"01","","Actual number[ten thousand persons]","00","","All industries","2","","Female","06","","Arbeit (temporary worker)","00000","","All Japan","2016000000","","2016","","205","191","91","35","9","26","57","35","22","33","19","14","27","13","14","22","13","10","17","8","9","14","10","5","3","2","1","0","0"
"01","","Actual number[ten thousand persons]","00","","All industries","2","","Female","06","","Arbeit (temporary worker)","00000","","All Japan","2017000000","","2017","","207","192","93","35","9","26","58","36","22","34","19","15","27","12","14","23","13","10","16","8","9","14","10","5","3","2","1","0","0"
"01","","Actual number[ten thousand persons]","00","","All industries","2","","Female","06","","Arbeit (temporary worker)","00000","","All Japan","2018000000","","2018","","229","212","111","45","12","33","66","41","25","31","18","13","26","12","14","24","14","11","18","8","10","18","11","7","5","2","1","0","0"
"01","","Actual number[ten thousand persons]","00","","All industries","2","","Female","06","","Arbeit (temporary worker)","00000","","All Japan","2019000000","","2019","","240","221","119","48","13","35","69","46","25","31","18","13","26","12","14","26","14","12","19","9","10","19","11","8","6","2","2","0","0"
"01","","Actual number[ten thousand persons]","00","","All industries","2","","Female","06","","Arbeit (temporary worker)","00000","","All Japan","2020000000","","2020","","224","206","109","42","11","31","67","44","24","29","16","12","24","12","12","26","15","11","18","8","9","19","10","8","6","2","2","0","0"
"01","","Actual number[ten thousand persons]","00","","All industries","2","","Female","06","","Arbeit (temporary worker)","00000","","All Japan","2021000000","","2021","","222","203","110","42","10","32","68","44","25","26","15","11","25","12","13","24","12","11","18","10","9","19","9","9","7","2","2","0","0"
"01","","Actual number[ten thousand persons]","00","","All industries","2","","Female","06","","Arbeit (temporary worker)","00000","","All Japan","2022000000","","2022","","229","208","114","45","12","33","69","43","25","28","15","12","24","12","12","24","13","12","19","10","9","21","10","11","8","3","2","1","0"
"01","","Actual number[ten thousand persons]","00","","All industries","2","","Female","06","","Arbeit (temporary worker)","00000","","All Japan","2023000000","","2023","","233","213","120","48","14","35","71","47","25","28","17","11","22","11","11","24","12","12","18","10","9","21","10","11","7","4","3","1","0"
"01","","Actual number[ten thousand persons]","00","","All industries","2","","Female","06","","Arbeit (temporary worker)","00000","","All Japan","2024000000","","2024","","242","219","126","51","16","35","75","50","25","28","17","11","22","12","10","24","12","12","20","11","9","22","10","12","8","4","3","1","0"
"01","","Actual number[ten thousand persons]","00","","All industries","2","","Female","07","","Dispatched worker from temporary labour agency","00000","","All Japan","2013000000","","2013","","68","65","5","0","***","0","5","1","3","19","8","11","22","12","10","13","8","5","6","3","3","3","2","1","1","0","0","0","***"
"01","","Actual number[ten thousand persons]","00","","All industries","2","","Female","07","","Dispatched worker from temporary labour agency","00000","","All Japan","2014000000","","2014","","71","68","5","1","0","0","5","1","4","19","8","10","23","11","12","15","10","5","6","4","2","3","2","1","1","0","0","0","0"
"01","","Actual number[ten thousand persons]","00","","All industries","2","","Female","07","","Dispatched worker from temporary labour agency","00000","","All Japan","2015000000","","2015","","76","73","5","1","0","1","5","1","3","19","9","9","25","12","13","18","11","7","6","3","3","3","2","1","1","0","0","0","0"
"01","","Actual number[ten thousand persons]","00","","All industries","2","","Female","07","","Dispatched worker from temporary labour agency","00000","","All Japan","2016000000","","2016","","78","73","6","0","0","0","5","1","4","18","8","9","24","10","14","19","12","8","6","4","3","5","3","1","1","0","0","0","0"
"01","","Actual number[ten thousand persons]","00","","All industries","2","","Female","07","","Dispatched worker from temporary labour agency","00000","","All Japan","2017000000","","2017","","81","77","5","1","0","1","5","2","3","19","9","10","24","11","13","22","14","8","8","5","3","4","2","2","1","1","0","0","0"
"01","","Actual number[ten thousand persons]","00","","All industries","2","","Female","07","","Dispatched worker from temporary labour agency","00000","","All Japan","2018000000","","2018","","86","80","6","0","0","0","5","2","4","18","8","10","25","11","13","23","14","8","9","6","3","5","3","2","1","1","0","0","***"
"01","","Actual number[ten thousand persons]","00","","All industries","2","","Female","07","","Dispatched worker from temporary labour agency","00000","","All Japan","2019000000","","2019","","86","80","5","1","0","1","5","1","4","19","9","10","22","10","11","24","14","10","9","6","3","5","3","2","2","1","1","0","0"
"01","","Actual number[ten thousand persons]","00","","All industries","2","","Female","07","","Dispatched worker from temporary labour agency","00000","","All Japan","2020000000","","2020","","85","79","5","0","0","0","4","1","4","18","9","9","22","9","12","25","14","11","10","7","3","5","2","3","2","1","1","0","0"
"01","","Actual number[ten thousand persons]","00","","All industries","2","","Female","07","","Dispatched worker from temporary labour agency","00000","","All Japan","2021000000","","2021","","88","82","5","0","0","0","5","1","4","18","9","9","21","9","12","27","15","12","10","7","3","6","3","3","2","1","1","0","0"
"01","","Actual number[ten thousand persons]","00","","All industries","2","","Female","07","","Dispatched worker from temporary labour agency","00000","","All Japan","2022000000","","2022","","90","84","5","0","0","0","5","1","4","18","9","9","21","10","12","28","14","14","11","8","4","6","2","3","2","1","1","0","0"
"01","","Actual number[ten thousand persons]","00","","All industries","2","","Female","07","","Dispatched worker from temporary labour agency","00000","","All Japan","2023000000","","2023","","95","88","6","0","0","0","5","1","4","19","10","9","22","10","12","28","14","14","13","9","4","6","3","3","2","1","1","0","0"
"01","","Actual number[ten thousand persons]","00","","All industries","2","","Female","07","","Dispatched worker from temporary labour agency","00000","","All Japan","2024000000","","2024","","94","89","6","0","0","0","5","1","4","19","10","9","19","8","11","29","14","15","16","10","6","6","2","3","2","1","1","0","0"
"01","","Actual number[ten thousand persons]","00","","All industries","2","","Female","11","","Contract employee","00000","","All Japan","2013000000","","2013","","126","122","12","1","***","1","11","3","9","32","16","16","31","15","16","27","15","12","20","10","10","4","3","1","1","0","0","0","0"
"01","","Actual number[ten thousand persons]","00","","All industries","2","","Female","11","","Contract employee","00000","","All Japan","2014000000","","2014","","133","128","11","1","0","1","11","3","8","33","17","16","33","15","18","30","15","14","20","11","10","5","4","1","1","0","0","0","0"
"01","","Actual number[ten thousand persons]","00","","All industries","2","","Female","11","","Contract employee","00000","","All Japan","2015000000","","2015","","133","127","11","1","***","1","10","2","8","32","17","16","32","15","18","30","17","13","21","11","10","6","4","2","1","0","0","0","0"
"01","","Actual number[ten thousand persons]","00","","All industries","2","","Female","11","","Contract employee","00000","","All Japan","2016000000","","2016","","133","126","10","1","***","1","10","3","7","31","17","14","31","15","16","32","17","14","22","12","10","7","5","2","1","1","1","0","***"
"01","","Actual number[ten thousand persons]","00","","All industries","2","","Female","11","","Contract employee","00000","","All Japan","2017000000","","2017","","135","127","9","1","0","1","8","2","6","30","15","15","32","15","16","32","17","15","25","13","12","8","5","2","2","1","0","0","0"
"01","","Actual number[ten thousand persons]","00","","All industries","2","","Female","11","","Contract employee","00000","","All Japan","2018000000","","2018","","138","130","10","0","0","0","9","2","7","30","16","15","32","14","17","33","17","15","25","13","12","9","6","3","2","1","0","0","0"
"01","","Actual number[ten thousand persons]","00","","All industries","2","","Female","11","","Contract employee","00000","","All Japan","2019000000","","2019","","139","130","10","1","0","1","10","2","7","28","15","13","32","15","16","34","17","16","27","13","13","9","6","3","3","1","1","0","0"
"01","","Actual number[ten thousand persons]","00","","All industries","2","","Female","11","","Contract employee","00000","","All Japan","2020000000","","2020","","134","124","8","0","***","0","7","2","6","27","15","12","29","13","15","33","17","16","27","14","13","10","6","4","3","1","1","0","0"
"01","","Actual number[ten thousand persons]","00","","All industries","2","","Female","11","","Contract employee","00000","","All Japan","2021000000","","2021","","129","119","8","0","***","0","8","2","6","25","12","13","25","12","12","34","18","16","28","14","14","10","6","4","3","1","1","0","0"
"01","","Actual number[ten thousand persons]","00","","All industries","2","","Female","11","","Contract employee","00000","","All Japan","2022000000","","2022","","133","122","7","0","0","0","7","2","5","25","12","12","26","13","14","35","17","18","30","15","15","11","7","4","3","1","1","0","0"
"01","","Actual number[ten thousand persons]","00","","All industries","2","","Female","11","","Contract employee","00000","","All Japan","2023000000","","2023","","131","119","7","0","0","0","7","1","5","24","12","11","24","11","13","33","16","17","32","15","17","11","7","4","3","1","1","0","0"
"01","","Actual number[ten thousand persons]","00","","All industries","2","","Female","11","","Contract employee","00000","","All Japan","2024000000","","2024","","131","118","7","0","0","0","7","2","5","22","12","11","24","11","12","32","15","18","33","16","17","12","8","4","3","1","1","0","0"
"01","","Actual number[ten thousand persons]","00","","All industries","2","","Female","12","","Entrusted employee","00000","","All Japan","2013000000","","2013","","43","39","1","0","***","0","1","0","1","6","3","3","9","4","5","10","5","5","12","4","8","4","3","1","1","1","0","0","***"
"01","","Actual number[ten thousand persons]","00","","All industries","2","","Female","12","","Entrusted employee","00000","","All Japan","2014000000","","2014","","44","40","1","0","***","0","1","0","1","6","3","3","9","4","5","10","5","5","12","4","8","4","3","1","1","0","0","0","0"
"01","","Actual number[ten thousand persons]","00","","All industries","2","","Female","12","","Entrusted employee","00000","","All Japan","2015000000","","2015","","43","39","1","0","***","0","1","0","1","6","2","3","8","4","5","11","5","5","13","4","8","4","3","1","1","0","0","0","0"
"01","","Actual number[ten thousand persons]","00","","All industries","2","","Female","12","","Entrusted employee","00000","","All Japan","2016000000","","2016","","44","39","1","0","***","0","1","0","1","5","2","3","9","3","5","11","5","6","14","5","9","5","3","2","1","0","0","0","0"
"01","","Actual number[ten thousand persons]","00","","All industries","2","","Female","12","","Entrusted employee","00000","","All Japan","2017000000","","2017","","45","39","1","0","***","0","1","0","1","5","2","3","8","4","5","10","5","5","15","6","9","6","4","2","1","0","0","0","0"
"01","","Actual number[ten thousand persons]","00","","All industries","2","","Female","12","","Entrusted employee","00000","","All Japan","2018000000","","2018","","45","39","1","0","0","0","1","0","1","4","2","2","7","3","5","11","5","5","16","6","10","6","5","2","1","0","0","0","0"
"01","","Actual number[ten thousand persons]","00","","All industries","2","","Female","12","","Entrusted employee","00000","","All Japan","2019000000","","2019","","44","38","1","0","***","0","1","0","1","4","2","2","7","3","5","10","5","5","16","5","10","7","4","2","2","1","1","0","0"
"01","","Actual number[ten thousand persons]","00","","All industries","2","","Female","12","","Entrusted employee","00000","","All Japan","2020000000","","2020","","41","34","1","0","***","0","1","0","0","4","2","2","6","2","4","10","5","5","14","4","10","6","4","2","2","1","1","0","***"
"01","","Actual number[ten thousand persons]","00","","All industries","2","","Female","12","","Entrusted employee","00000","","All Japan","2021000000","","2021","","42","35","1","0","***","0","1","0","1","4","2","2","6","3","3","9","4","5","15","4","11","7","4","3","2","1","0","0","0"
"01","","Actual number[ten thousand persons]","00","","All industries","2","","Female","12","","Entrusted employee","00000","","All Japan","2022000000","","2022","","41","34","0","0","***","0","0","0","0","3","1","1","5","2","3","9","5","4","16","5","11","7","5","2","2","1","1","0","0"
"01","","Actual number[ten thousand persons]","00","","All industries","2","","Female","12","","Entrusted employee","00000","","All Japan","2023000000","","2023","","39","32","1","0","0","0","1","0","1","3","1","1","4","2","2","8","4","4","15","4","11","7","5","2","2","1","0","0","0"
"01","","Actual number[ten thousand persons]","00","","All industries","2","","Female","12","","Entrusted employee","00000","","All Japan","2024000000","","2024","","37","30","1","0","0","0","0","0","0","3","1","2","4","2","2","7","3","4","15","4","11","7","4","3","2","1","1","0","0"
"01","","Actual number[ten thousand persons]","00","","All industries","2","","Female","09","","Other","00000","","All Japan","2013000000","","2013","","40","35","3","0","***","0","3","1","2","7","3","3","8","3","4","9","5","5","9","4","4","5","2","2","2","1","1","0","0"
"01","","Actual number[ten thousand persons]","00","","All industries","2","","Female","09","","Other","00000","","All Japan","2014000000","","2014","","42","37","3","0","***","0","3","1","2","7","4","3","8","4","5","9","5","5","9","5","5","6","3","3","2","1","1","0","0"
"01","","Actual number[ten thousand persons]","00","","All industries","2","","Female","09","","Other","00000","","All Japan","2015000000","","2015","","41","35","3","0","0","0","3","1","2","7","4","3","8","3","4","9","5","5","9","5","4","5","3","2","2","1","1","0","0"
"01","","Actual number[ten thousand persons]","00","","All industries","2","","Female","09","","Other","00000","","All Japan","2016000000","","2016","","39","33","3","0","0","0","3","1","2","6","3","3","7","3","5","9","5","4","8","4","4","6","3","3","1","1","1","0","0"
"01","","Actual number[ten thousand persons]","00","","All industries","2","","Female","09","","Other","00000","","All Japan","2017000000","","2017","","38","33","2","0","***","0","2","1","2","5","3","2","7","3","4","9","5","4","8","4","4","5","3","2","1","1","1","0","0"
"01","","Actual number[ten thousand persons]","00","","All industries","2","","Female","09","","Other","00000","","All Japan","2018000000","","2018","","40","32","2","0","0","0","2","1","1","6","3","3","7","3","4","8","4","4","9","4","5","8","4","4","2","2","1","0","0"
"01","","Actual number[ten thousand persons]","00","","All industries","2","","Female","09","","Other","00000","","All Japan","2019000000","","2019","","43","34","3","0","0","0","2","1","2","6","3","2","7","3","4","9","5","4","10","4","6","9","4","5","3","2","1","1","0"
"01","","Actual number[ten thousand persons]","00","","All industries","2","","Female","09","","Other","00000","","All Japan","2020000000","","2020","","42","32","3","0","0","0","3","1","2","5","3","2","6","2","3","8","4","4","10","5","5","9","4","5","3","2","1","0","0"
"01","","Actual number[ten thousand persons]","00","","All industries","2","","Female","09","","Other","00000","","All Japan","2021000000","","2021","","41","32","3","0","0","0","3","1","2","6","3","2","6","2","3","9","4","4","9","4","4","9","4","5","4","2","1","0","0"
"01","","Actual number[ten thousand persons]","00","","All industries","2","","Female","09","","Other","00000","","All Japan","2022000000","","2022","","43","33","4","0","***","0","3","1","3","6","4","2","6","2","3","9","4","4","10","4","6","10","4","6","3","2","2","1","0"
"01","","Actual number[ten thousand persons]","00","","All industries","2","","Female","09","","Other","00000","","All Japan","2023000000","","2023","","42","32","3","0","0","0","2","1","2","6","3","3","5","2","3","8","4","4","10","4","5","10","4","6","3","2","2","1","0"
"01","","Actual number[ten thousand persons]","00","","All industries","2","","Female","09","","Other","00000","","All Japan","2024000000","","2024","","44","35","3","0","0","0","2","1","2","7","4","3","6","3","3","9","4","5","10","5","5","10","4","6","3","3","2","0","0"
"01","","Actual number[ten thousand persons]","04","","Non-agricultural industries","0","","Both sexes","00","","Employee","00000","","All Japan","2013000000","","2013","","5501","5135","473","85","17","69","388","124","264","1109","537","572","1391","674","717","1197","631","566","965","513","452","366","227","138","95","44","32","9","3"
"01","","Actual number[ten thousand persons]","04","","Non-agricultural industries","0","","Both sexes","00","","Employee","00000","","All Japan","2014000000","","2014","","5542","5138","478","89","17","73","388","131","257","1092","530","562","1387","651","736","1222","648","574","959","519","440","403","252","151","105","46","32","10","4"
"01","","Actual number[ten thousand persons]","04","","Non-agricultural industries","0","","Both sexes","00","","Employee","00000","","All Japan","2015000000","","2015","","5587","5140","481","90","17","73","391","133","258","1072","518","554","1375","631","745","1258","664","594","954","522","431","447","283","164","113","51","35","12","4"
"01","","Actual number[ten thousand persons]","04","","Non-agricultural industries","0","","Both sexes","00","","Employee","00000","","All Japan","2016000000","","2016","","5674","5187","505","96","18","78","408","138","270","1068","517","551","1356","611","745","1303","704","599","955","529","427","487","315","173","114","59","42","12","4"
"01","","Actual number[ten thousand persons]","04","","Non-agricultural industries","0","","Both sexes","00","","Employee","00000","","All Japan","2017000000","","2017","","5762","5245","506","95","17","78","411","140","270","1068","512","556","1345","605","740","1351","736","615","976","542","434","517","320","197","129","67","49","14","5"
"01","","Actual number[ten thousand persons]","04","","Non-agricultural industries","0","","Both sexes","00","","Employee","00000","","All Japan","2018000000","","2018","","5895","5335","543","109","22","87","433","154","279","1071","516","555","1330","601","729","1397","757","639","994","554","440","560","325","235","158","78","57","15","6"
"01","","Actual number[ten thousand persons]","04","","Non-agricultural industries","0","","Both sexes","00","","Employee","00000","","All Japan","2019000000","","2019","","5967","5374","558","116","24","91","443","160","281","1067","521","545","1296","595","701","1439","776","662","1015","564","451","592","322","270","181","90","67","17","6"
"01","","Actual number[ten thousand persons]","04","","Non-agricultural industries","0","","Both sexes","00","","Employee","00000","","All Japan","2020000000","","2020","","5946","5344","543","102","21","81","441","155","285","1060","527","533","1256","584","672","1457","781","675","1029","576","453","601","313","288","194","94","70","18","7"
"01","","Actual number[ten thousand persons]","04","","Non-agricultural industries","0","","Both sexes","00","","Employee","00000","","All Japan","2021000000","","2021","","5959","5346","539","100","19","81","438","153","286","1063","536","528","1231","581","650","1480","774","706","1033","578","455","612","307","305","209","96","68","21","7"
"01","","Actual number[ten thousand persons]","04","","Non-agricultural industries","0","","Both sexes","00","","Employee","00000","","All Japan","2022000000","","2022","","5983","5360","532","104","21","82","428","150","278","1058","536","522","1210","572","638","1496","760","736","1065","595","470","623","299","323","214","110","76","24","9"
"01","","Actual number[ten thousand persons]","04","","Non-agricultural industries","0","","Both sexes","00","","Employee","00000","","All Japan","2023000000","","2023","","6016","5384","546","109","24","85","437","152","285","1059","541","518","1188","563","625","1489","738","751","1102","617","485","632","302","329","209","120","86","26","8"
"01","","Actual number[ten thousand persons]","04","","Non-agricultural industries","0","","Both sexes","00","","Employee","00000","","All Japan","2024000000","","2024","","6062","5407","555","114","28","85","442","157","284","1071","549","523","1169","552","617","1480","715","766","1131","636","495","655","313","342","206","135","97","29","10"
"01","","Actual number[ten thousand persons]","04","","Non-agricultural industries","0","","Both sexes","02","","Employee, excl. executive of company or corporation","00000","","All Japan","2013000000","","2013","","5161","4885","473","85","17","69","387","124","263","1094","533","561","1336","652","683","1121","595","526","862","467","394","276","184","92","68","24","18","4","1"
"01","","Actual number[ten thousand persons]","04","","Non-agricultural industries","0","","Both sexes","02","","Employee, excl. executive of company or corporation","00000","","All Japan","2014000000","","2014","","5200","4889","477","89","17","73","387","130","257","1077","526","551","1332","630","703","1143","609","533","860","474","387","311","208","103","77","26","20","5","1"
"01","","Actual number[ten thousand persons]","04","","Non-agricultural industries","0","","Both sexes","02","","Employee, excl. executive of company or corporation","00000","","All Japan","2015000000","","2015","","5244","4894","479","90","17","73","389","133","257","1057","515","542","1321","611","710","1179","626","553","858","478","380","350","236","114","85","30","23","5","2"
"01","","Actual number[ten thousand persons]","04","","Non-agricultural industries","0","","Both sexes","02","","Employee, excl. executive of company or corporation","00000","","All Japan","2016000000","","2016","","5331","4944","503","96","18","78","407","138","269","1053","513","540","1302","591","712","1223","664","559","862","484","378","388","265","122","87","36","28","6","2"
"01","","Actual number[ten thousand persons]","04","","Non-agricultural industries","0","","Both sexes","02","","Employee, excl. executive of company or corporation","00000","","All Japan","2017000000","","2017","","5418","5004","504","95","17","78","409","140","269","1053","507","546","1294","586","707","1270","695","574","884","498","386","413","270","143","100","42","33","7","2"
"01","","Actual number[ten thousand persons]","04","","Non-agricultural industries","0","","Both sexes","02","","Employee, excl. executive of company or corporation","00000","","All Japan","2018000000","","2018","","5569","5113","542","109","22","87","433","155","278","1060","514","546","1284","584","700","1322","718","602","907","511","396","456","280","175","125","50","39","8","2"
"01","","Actual number[ten thousand persons]","04","","Non-agricultural industries","0","","Both sexes","02","","Employee, excl. executive of company or corporation","00000","","All Japan","2019000000","","2019","","5637","5150","557","116","24","91","442","161","280","1055","518","537","1250","577","672","1361","736","623","928","520","407","487","280","206","146","60","47","9","3"
"01","","Actual number[ten thousand persons]","04","","Non-agricultural industries","0","","Both sexes","02","","Employee, excl. executive of company or corporation","00000","","All Japan","2020000000","","2020","","5607","5113","541","102","21","81","439","156","284","1049","524","525","1208","567","641","1375","739","635","940","532","408","494","273","221","158","63","50","10","3"
"01","","Actual number[ten thousand persons]","04","","Non-agricultural industries","0","","Both sexes","02","","Employee, excl. executive of company or corporation","00000","","All Japan","2021000000","","2021","","5619","5116","537","100","19","81","437","153","285","1050","531","519","1186","565","622","1396","733","663","946","536","410","503","268","235","171","65","49","12","3"
"01","","Actual number[ten thousand persons]","04","","Non-agricultural industries","0","","Both sexes","02","","Employee, excl. executive of company or corporation","00000","","All Japan","2022000000","","2022","","5646","5131","531","104","21","82","427","150","278","1045","532","513","1167","556","611","1412","720","692","976","550","426","515","263","253","177","75","56","15","5"
"01","","Actual number[ten thousand persons]","04","","Non-agricultural industries","0","","Both sexes","02","","Employee, excl. executive of company or corporation","00000","","All Japan","2023000000","","2023","","5684","5155","544","109","24","85","436","152","284","1046","536","509","1146","547","600","1405","700","705","1014","574","440","529","267","262","177","85","64","17","4"
"01","","Actual number[ten thousand persons]","04","","Non-agricultural industries","0","","Both sexes","02","","Employee, excl. executive of company or corporation","00000","","All Japan","2024000000","","2024","","5724","5175","554","113","28","85","441","157","284","1058","544","514","1129","537","591","1395","675","720","1039","590","449","549","277","272","175","97","74","17","5"
"01","","Actual number[ten thousand persons]","04","","Non-agricultural industries","0","","Both sexes","03","","Regular staff","00000","","All Japan","2013000000","","2013","","3276","3198","242","24","2","23","218","48","169","794","382","412","949","473","476","761","406","355","451","306","145","78","50","28","19","9","7","2","1"
"01","","Actual number[ten thousand persons]","04","","Non-agricultural industries","0","","Both sexes","03","","Regular staff","00000","","All Japan","2014000000","","2014","","3261","3178","246","25","2","24","221","51","170","777","379","398","938","453","485","770","412","358","446","308","137","83","54","29","20","9","7","2","1"
"01","","Actual number[ten thousand persons]","04","","Non-agricultural industries","0","","Both sexes","03","","Regular staff","00000","","All Japan","2015000000","","2015","","3289","3199","249","24","2","22","226","53","172","770","375","396","931","439","492","796","423","372","452","313","139","90","59","31","20","11","7","3","1"
"01","","Actual number[ten thousand persons]","04","","Non-agricultural industries","0","","Both sexes","03","","Regular staff","00000","","All Japan","2016000000","","2016","","3340","3245","263","27","2","25","236","54","182","777","378","399","922","426","496","828","450","378","455","317","139","95","63","32","21","12","8","3","1"
"01","","Actual number[ten thousand persons]","04","","Non-agricultural industries","0","","Both sexes","03","","Regular staff","00000","","All Japan","2017000000","","2017","","3406","3301","265","26","2","24","240","54","185","782","379","403","925","424","501","861","473","388","468","326","142","105","67","37","23","14","10","3","1"
"01","","Actual number[ten thousand persons]","04","","Non-agricultural industries","0","","Both sexes","03","","Regular staff","00000","","All Japan","2018000000","","2018","","3472","3364","272","25","2","23","247","58","188","796","388","407","915","423","492","899","492","408","483","334","149","107","67","40","27","13","10","3","1"
"01","","Actual number[ten thousand persons]","04","","Non-agricultural industries","0","","Both sexes","03","","Regular staff","00000","","All Japan","2019000000","","2019","","3496","3386","276","25","2","23","251","58","192","795","393","401","893","419","474","925","506","420","497","342","156","111","64","45","31","15","11","3","1"
"01","","Actual number[ten thousand persons]","04","","Non-agricultural industries","0","","Both sexes","03","","Regular staff","00000","","All Japan","2020000000","","2020","","3538","3423","277","25","2","23","253","54","198","804","406","398","877","419","457","946","514","432","518","352","167","116","65","50","35","16","11","4","2"
"01","","Actual number[ten thousand persons]","04","","Non-agricultural industries","0","","Both sexes","03","","Regular staff","00000","","All Japan","2021000000","","2021","","3571","3450","277","23","2","22","253","56","197","816","419","397","867","421","446","964","512","453","527","358","169","120","66","55","37","18","12","4","2"
"01","","Actual number[ten thousand persons]","04","","Non-agricultural industries","0","","Both sexes","03","","Regular staff","00000","","All Japan","2022000000","","2022","","3571","3450","266","20","2","18","245","52","194","815","419","396","849","413","437","979","505","474","542","365","177","121","66","55","37","18","12","4","2"
"01","","Actual number[ten thousand persons]","04","","Non-agricultural industries","0","","Both sexes","03","","Regular staff","00000","","All Japan","2023000000","","2023","","3589","3467","269","20","1","18","249","51","198","813","421","392","838","407","431","979","494","485","567","381","186","122","66","56","36","21","14","5","2"
"01","","Actual number[ten thousand persons]","04","","Non-agricultural industries","0","","Both sexes","03","","Regular staff","00000","","All Japan","2024000000","","2024","","3628","3502","266","19","2","17","247","48","199","833","431","402","832","402","430","979","480","499","593","395","197","126","69","57","34","22","15","5","3"
"01","","Actual number[ten thousand persons]","04","","Non-agricultural industries","0","","Both sexes","10","","Non-regular staff","00000","","All Japan","2013000000","","2013","","1884","1687","230","61","15","46","170","76","94","299","150","149","386","179","207","360","189","171","411","161","249","198","134","64","50","14","12","2","0"
"01","","Actual number[ten thousand persons]","04","","Non-agricultural industries","0","","Both sexes","10","","Non-regular staff","00000","","All Japan","2014000000","","2014","","1938","1711","230","64","15","49","166","79","87","300","147","153","394","176","217","372","197","175","414","165","249","228","154","74","57","16","13","3","0"
"01","","Actual number[ten thousand persons]","04","","Non-agricultural industries","0","","Both sexes","10","","Non-regular staff","00000","","All Japan","2015000000","","2015","","1955","1695","230","66","15","51","164","80","84","287","140","147","390","172","218","383","202","181","405","164","241","260","177","83","64","19","16","3","0"
"01","","Actual number[ten thousand persons]","04","","Non-agricultural industries","0","","Both sexes","10","","Non-regular staff","00000","","All Japan","2016000000","","2016","","1991","1699","240","69","16","53","171","84","87","276","135","141","380","165","215","395","214","182","407","167","240","292","202","90","66","24","20","3","1"
"01","","Actual number[ten thousand persons]","04","","Non-agricultural industries","0","","Both sexes","10","","Non-regular staff","00000","","All Japan","2017000000","","2017","","2011","1703","239","69","15","54","170","86","84","271","128","143","368","162","206","409","223","186","416","172","244","308","203","105","77","28","23","4","1"
"01","","Actual number[ten thousand persons]","04","","Non-agricultural industries","0","","Both sexes","10","","Non-regular staff","00000","","All Japan","2018000000","","2018","","2097","1749","270","84","20","63","186","97","90","264","125","139","369","161","208","422","228","195","424","177","247","348","213","135","98","37","30","6","1"
"01","","Actual number[ten thousand persons]","04","","Non-agricultural industries","0","","Both sexes","10","","Non-regular staff","00000","","All Japan","2019000000","","2019","","2140","1764","282","91","23","68","191","103","89","260","124","136","357","159","198","434","232","203","431","179","251","376","215","160","115","44","37","6","1"
"01","","Actual number[ten thousand persons]","04","","Non-agricultural industries","0","","Both sexes","10","","Non-regular staff","00000","","All Japan","2020000000","","2020","","2069","1691","264","77","19","59","187","101","86","245","118","127","331","148","184","428","226","203","423","179","241","378","208","170","123","46","39","6","1"
"01","","Actual number[ten thousand persons]","04","","Non-agricultural industries","0","","Both sexes","10","","Non-regular staff","00000","","All Japan","2021000000","","2021","","2049","1666","261","76","17","59","184","97","87","234","113","121","320","144","176","431","222","210","419","178","241","383","202","181","134","47","37","8","2"
"01","","Actual number[ten thousand persons]","04","","Non-agricultural industries","0","","Both sexes","10","","Non-regular staff","00000","","All Japan","2022000000","","2022","","2075","1680","265","83","20","64","182","98","84","230","113","118","318","143","175","433","215","218","434","185","249","395","197","197","141","57","44","11","2"
"01","","Actual number[ten thousand persons]","04","","Non-agricultural industries","0","","Both sexes","10","","Non-regular staff","00000","","All Japan","2023000000","","2023","","2095","1688","275","89","22","67","186","101","85","233","116","117","308","139","169","426","206","220","446","193","254","407","201","205","141","65","51","12","2"
"01","","Actual number[ten thousand persons]","04","","Non-agricultural industries","0","","Both sexes","10","","Non-regular staff","00000","","All Japan","2024000000","","2024","","2097","1673","288","94","26","68","194","109","85","225","113","112","297","136","161","416","195","221","447","195","252","424","208","215","141","74","59","13","2"
"01","","Actual number[ten thousand persons]","04","","Non-agricultural industries","0","","Both sexes","04","","Part-time worker, Arbeit (temporary worker)","00000","","All Japan","2013000000","","2013","","1304","1175","192","58","15","44","134","67","67","183","91","91","274","122","152","268","140","128","258","119","139","129","88","41","33","9","7","1","0"
"01","","Actual number[ten thousand persons]","04","","Non-agricultural industries","0","","Both sexes","04","","Part-time worker, Arbeit (temporary worker)","00000","","All Japan","2014000000","","2014","","1330","1181","192","61","15","46","132","70","61","182","88","95","277","121","156","271","144","127","259","120","139","149","99","49","40","10","8","1","0"
"01","","Actual number[ten thousand persons]","04","","Non-agricultural industries","0","","Both sexes","04","","Part-time worker, Arbeit (temporary worker)","00000","","All Japan","2015000000","","2015","","1347","1173","193","63","15","48","130","71","59","173","83","90","273","116","157","281","147","134","254","120","134","174","117","57","45","12","11","2","0"
"01","","Actual number[ten thousand persons]","04","","Non-agricultural industries","0","","Both sexes","04","","Part-time worker, Arbeit (temporary worker)","00000","","All Japan","2016000000","","2016","","1379","1181","202","66","16","50","135","75","60","169","80","89","267","112","155","289","156","133","255","122","132","198","136","63","47","16","14","2","0"
"01","","Actual number[ten thousand persons]","04","","Non-agricultural industries","0","","Both sexes","04","","Part-time worker, Arbeit (temporary worker)","00000","","All Japan","2017000000","","2017","","1395","1185","205","66","15","51","139","77","61","167","76","91","258","109","149","299","163","136","256","125","132","210","137","73","54","19","16","3","0"
"01","","Actual number[ten thousand persons]","04","","Non-agricultural industries","0","","Both sexes","04","","Part-time worker, Arbeit (temporary worker)","00000","","All Japan","2018000000","","2018","","1472","1233","235","81","20","61","154","88","66","163","73","89","261","110","151","311","166","145","264","129","135","239","142","97","71","26","22","4","0"
"01","","Actual number[ten thousand persons]","04","","Non-agricultural industries","0","","Both sexes","04","","Part-time worker, Arbeit (temporary worker)","00000","","All Japan","2019000000","","2019","","1500","1244","245","88","22","65","157","93","64","160","73","87","252","108","144","320","171","149","267","132","136","256","143","112","81","31","26","4","1"
"01","","Actual number[ten thousand persons]","04","","Non-agricultural industries","0","","Both sexes","04","","Part-time worker, Arbeit (temporary worker)","00000","","All Japan","2020000000","","2020","","1457","1197","233","75","19","57","157","92","64","148","67","80","236","104","132","315","167","149","266","133","133","260","139","120","87","32","27","4","1"
"01","","Actual number[ten thousand persons]","04","","Non-agricultural industries","0","","Both sexes","04","","Part-time worker, Arbeit (temporary worker)","00000","","All Japan","2021000000","","2021","","1442","1180","229","75","17","58","154","90","65","142","66","76","229","101","128","315","162","153","265","131","134","262","135","127","95","32","26","6","1"
"01","","Actual number[ten thousand persons]","04","","Non-agricultural industries","0","","Both sexes","04","","Part-time worker, Arbeit (temporary worker)","00000","","All Japan","2022000000","","2022","","1455","1185","235","81","19","62","154","91","63","138","64","74","226","100","126","315","156","158","271","135","136","270","130","140","101","40","31","7","1"
"01","","Actual number[ten thousand persons]","04","","Non-agricultural industries","0","","Both sexes","04","","Part-time worker, Arbeit (temporary worker)","00000","","All Japan","2023000000","","2023","","1469","1191","244","86","22","64","158","94","64","139","66","73","221","98","123","312","151","161","276","139","137","278","132","146","100","46","37","8","1"
"01","","Actual number[ten thousand persons]","04","","Non-agricultural industries","0","","Both sexes","04","","Part-time worker, Arbeit (temporary worker)","00000","","All Japan","2024000000","","2024","","1482","1191","258","92","26","66","167","102","64","135","66","70","214","97","117","304","143","161","279","141","138","291","136","155","100","54","44","9","1"
"01","","Actual number[ten thousand persons]","04","","Non-agricultural industries","0","","Both sexes","05","","Part-time worker","00000","","All Japan","2013000000","","2013","","917","823","26","3","0","2","23","6","17","110","47","63","230","100","130","237","123","114","221","106","115","94","65","29","23","6","5","1","0"
"01","","Actual number[ten thousand persons]","04","","Non-agricultural industries","0","","Both sexes","05","","Part-time worker","00000","","All Japan","2014000000","","2014","","931","823","24","2","0","2","21","6","15","110","44","66","230","97","133","238","125","113","221","107","114","109","74","35","28","7","6","1","0"
"01","","Actual number[ten thousand persons]","04","","Non-agricultural industries","0","","Both sexes","05","","Part-time worker","00000","","All Japan","2015000000","","2015","","948","820","22","2","0","2","20","6","14","105","42","63","227","93","133","247","129","118","219","106","113","128","86","41","33","9","7","1","0"
"01","","Actual number[ten thousand persons]","04","","Non-agricultural industries","0","","Both sexes","05","","Part-time worker","00000","","All Japan","2016000000","","2016","","971","825","23","3","0","2","20","6","15","105","42","63","223","91","132","255","137","118","219","109","111","146","101","45","34","11","9","1","0"
"01","","Actual number[ten thousand persons]","04","","Non-agricultural industries","0","","Both sexes","05","","Part-time worker","00000","","All Japan","2017000000","","2017","","984","828","21","2","0","2","19","5","14","104","39","65","216","89","127","264","144","121","222","111","111","156","102","53","40","13","11","2","0"
"01","","Actual number[ten thousand persons]","04","","Non-agricultural industries","0","","Both sexes","05","","Part-time worker","00000","","All Japan","2018000000","","2018","","1024","847","20","3","0","2","18","5","12","103","38","65","220","89","130","274","146","128","229","115","115","177","108","70","50","19","16","3","0"
"01","","Actual number[ten thousand persons]","04","","Non-agricultural industries","0","","Both sexes","05","","Part-time worker","00000","","All Japan","2019000000","","2019","","1036","847","19","2","0","2","17","6","12","102","39","64","212","89","123","281","149","132","232","117","116","189","110","79","58","22","19","3","0"
"01","","Actual number[ten thousand persons]","04","","Non-agricultural industries","0","","Both sexes","05","","Part-time worker","00000","","All Japan","2020000000","","2020","","1016","820","19","2","0","2","17","5","12","92","35","58","199","84","114","277","146","132","232","119","114","195","109","87","64","23","20","3","0"
"01","","Actual number[ten thousand persons]","04","","Non-agricultural industries","0","","Both sexes","05","","Part-time worker","00000","","All Japan","2021000000","","2021","","1010","810","18","2","0","2","16","5","11","89","35","55","191","82","109","280","143","136","232","116","116","199","107","93","70","23","19","4","1"
"01","","Actual number[ten thousand persons]","04","","Non-agricultural industries","0","","Both sexes","05","","Part-time worker","00000","","All Japan","2022000000","","2022","","1008","805","16","2","0","2","14","4","10","85","33","52","189","81","108","278","138","140","237","119","118","203","101","102","74","28","22","5","1"
"01","","Actual number[ten thousand persons]","04","","Non-agricultural industries","0","","Both sexes","05","","Part-time worker","00000","","All Japan","2023000000","","2023","","1017","806","16","2","0","2","14","4","10","86","34","52","185","79","106","276","133","143","243","124","119","211","104","107","75","32","26","5","1"
"01","","Actual number[ten thousand persons]","04","","Non-agricultural industries","0","","Both sexes","05","","Part-time worker","00000","","All Japan","2024000000","","2024","","1015","793","17","2","0","2","15","4","11","83","33","50","179","78","101","269","125","144","245","125","120","222","108","114","75","39","32","6","1"
"01","","Actual number[ten thousand persons]","04","","Non-agricultural industries","0","","Both sexes","06","","Arbeit (temporary worker)","00000","","All Japan","2013000000","","2013","","387","352","166","56","14","41","111","61","50","73","45","28","44","23","22","31","17","13","38","13","25","35","23","12","10","3","2","0","0"
"01","","Actual number[ten thousand persons]","04","","Non-agricultural industries","0","","Both sexes","06","","Arbeit (temporary worker)","00000","","All Japan","2014000000","","2014","","398","358","168","58","15","44","110","64","46","73","44","29","46","24","23","33","19","14","38","13","24","40","26","15","11","3","3","0","0"
"01","","Actual number[ten thousand persons]","04","","Non-agricultural industries","0","","Both sexes","06","","Arbeit (temporary worker)","00000","","All Japan","2015000000","","2015","","399","353","171","60","15","46","110","65","45","67","41","27","46","23","23","34","18","16","35","13","22","46","30","16","12","4","3","0","0"
"01","","Actual number[ten thousand persons]","04","","Non-agricultural industries","0","","Both sexes","06","","Arbeit (temporary worker)","00000","","All Japan","2016000000","","2016","","408","356","179","64","16","48","115","69","46","64","38","26","44","21","23","34","19","15","35","14","22","52","34","17","12","5","5","1","0"
"01","","Actual number[ten thousand persons]","04","","Non-agricultural industries","0","","Both sexes","06","","Arbeit (temporary worker)","00000","","All Japan","2017000000","","2017","","411","357","184","64","15","49","120","72","48","63","37","26","42","20","22","35","20","15","34","13","20","54","34","19","14","6","5","1","0"
"01","","Actual number[ten thousand persons]","04","","Non-agricultural industries","0","","Both sexes","06","","Arbeit (temporary worker)","00000","","All Japan","2018000000","","2018","","449","386","215","79","20","59","137","83","53","59","36","24","41","20","21","36","20","16","35","14","20","62","35","27","20","7","6","1","0"
"01","","Actual number[ten thousand persons]","04","","Non-agricultural industries","0","","Both sexes","06","","Arbeit (temporary worker)","00000","","All Japan","2019000000","","2019","","464","397","226","85","23","63","141","88","52","58","35","23","40","19","21","39","22","17","35","14","20","66","34","32","23","9","8","1","0"
"01","","Actual number[ten thousand persons]","04","","Non-agricultural industries","0","","Both sexes","06","","Arbeit (temporary worker)","00000","","All Japan","2020000000","","2020","","442","377","214","73","19","55","141","88","52","56","33","22","37","19","18","38","21","17","34","14","19","64","32","33","24","9","8","1","0"
"01","","Actual number[ten thousand persons]","04","","Non-agricultural industries","0","","Both sexes","06","","Arbeit (temporary worker)","00000","","All Japan","2021000000","","2021","","433","370","211","72","17","56","138","85","54","53","31","22","38","19","19","36","19","17","33","15","17","63","29","34","25","9","7","1","0"
"01","","Actual number[ten thousand persons]","04","","Non-agricultural industries","0","","Both sexes","06","","Arbeit (temporary worker)","00000","","All Japan","2022000000","","2022","","447","380","219","79","19","60","140","87","53","54","31","23","37","20","18","37","19","18","33","15","18","67","28","39","27","12","9","2","0"
"01","","Actual number[ten thousand persons]","04","","Non-agricultural industries","0","","Both sexes","06","","Arbeit (temporary worker)","00000","","All Japan","2023000000","","2023","","452","385","228","84","22","63","143","90","53","53","32","21","36","18","18","36","18","18","33","15","18","67","28","39","25","14","11","3","0"
"01","","Actual number[ten thousand persons]","04","","Non-agricultural industries","0","","Both sexes","06","","Arbeit (temporary worker)","00000","","All Japan","2024000000","","2024","","467","399","241","90","26","64","152","98","53","52","33","20","35","19","16","36","18","18","34","16","18","68","28","40","25","15","12","2","0"
"01","","Actual number[ten thousand persons]","04","","Non-agricultural industries","0","","Both sexes","07","","Dispatched worker from temporary labour agency","00000","","All Japan","2013000000","","2013","","115","107","9","1","0","1","9","2","7","32","15","17","34","19","15","19","12","7","11","5","7","9","5","3","2","1","1","0","0"
"01","","Actual number[ten thousand persons]","04","","Non-agricultural industries","0","","Both sexes","07","","Dispatched worker from temporary labour agency","00000","","All Japan","2014000000","","2014","","118","109","9","1","0","1","8","2","6","31","15","16","34","17","17","22","14","8","12","6","6","9","5","3","3","1","1","0","0"
"01","","Actual number[ten thousand persons]","04","","Non-agricultural industries","0","","Both sexes","07","","Dispatched worker from temporary labour agency","00000","","All Japan","2015000000","","2015","","126","116","9","1","0","1","9","2","6","31","15","16","37","18","19","25","15","10","13","6","7","10","7","4","3","1","1","0","0"
"01","","Actual number[ten thousand persons]","04","","Non-agricultural industries","0","","Both sexes","07","","Dispatched worker from temporary labour agency","00000","","All Japan","2016000000","","2016","","132","119","11","1","0","1","10","3","7","30","15","16","36","17","20","28","17","11","13","7","6","13","9","4","3","1","1","0","0"
"01","","Actual number[ten thousand persons]","04","","Non-agricultural industries","0","","Both sexes","07","","Dispatched worker from temporary labour agency","00000","","All Japan","2017000000","","2017","","134","121","10","1","0","1","9","3","6","31","15","16","35","16","19","32","19","12","14","8","6","12","7","5","4","2","1","0","0"
"01","","Actual number[ten thousand persons]","04","","Non-agricultural industries","0","","Both sexes","07","","Dispatched worker from temporary labour agency","00000","","All Japan","2018000000","","2018","","136","123","10","1","0","1","10","3","7","30","14","15","35","16","19","33","20","13","15","9","6","13","7","5","4","2","1","0","0"
"01","","Actual number[ten thousand persons]","04","","Non-agricultural industries","0","","Both sexes","07","","Dispatched worker from temporary labour agency","00000","","All Japan","2019000000","","2019","","141","126","10","1","0","1","10","3","7","32","16","16","34","16","17","35","20","16","17","10","7","14","8","7","5","2","2","0","0"
"01","","Actual number[ten thousand persons]","04","","Non-agricultural industries","0","","Both sexes","07","","Dispatched worker from temporary labour agency","00000","","All Japan","2020000000","","2020","","139","123","9","0","0","0","9","2","6","31","15","14","32","14","17","36","20","16","17","10","7","14","7","7","5","2","2","0","0"
"01","","Actual number[ten thousand persons]","04","","Non-agricultural industries","0","","Both sexes","07","","Dispatched worker from temporary labour agency","00000","","All Japan","2021000000","","2021","","140","124","9","1","0","1","8","2","6","29","15","14","31","14","17","38","20","17","17","11","6","16","7","9","6","3","3","1","0"
"01","","Actual number[ten thousand persons]","04","","Non-agricultural industries","0","","Both sexes","07","","Dispatched worker from temporary labour agency","00000","","All Japan","2022000000","","2022","","148","132","10","1","0","0","9","3","7","31","16","14","32","15","18","40","20","19","19","12","7","16","7","9","6","3","3","1","0"
"01","","Actual number[ten thousand persons]","04","","Non-agricultural industries","0","","Both sexes","07","","Dispatched worker from temporary labour agency","00000","","All Japan","2023000000","","2023","","154","137","11","1","0","1","10","2","8","32","17","15","32","15","17","41","20","21","22","14","8","17","7","10","6","3","3","1","0"
"01","","Actual number[ten thousand persons]","04","","Non-agricultural industries","0","","Both sexes","07","","Dispatched worker from temporary labour agency","00000","","All Japan","2024000000","","2024","","153","136","9","1","0","1","9","2","6","32","17","15","29","13","16","41","19","21","25","15","10","17","7","10","6","4","3","1","0"
"01","","Actual number[ten thousand persons]","04","","Non-agricultural industries","0","","Both sexes","11","","Contract employee","00000","","All Japan","2013000000","","2013","","272","247","22","1","0","1","20","5","15","62","32","29","53","26","27","46","24","22","66","22","43","24","18","7","5","1","1","0","0"
"01","","Actual number[ten thousand persons]","04","","Non-agricultural industries","0","","Both sexes","11","","Contract employee","00000","","All Japan","2014000000","","2014","","290","261","21","2","0","2","19","5","14","64","32","31","58","27","31","51","26","25","68","23","45","29","22","7","6","1","1","0","0"
"01","","Actual number[ten thousand persons]","04","","Non-agricultural industries","0","","Both sexes","11","","Contract employee","00000","","All Japan","2015000000","","2015","","285","252","20","1","0","1","18","4","14","61","31","30","56","27","29","50","27","23","66","23","43","33","25","8","7","2","1","0","0"
"01","","Actual number[ten thousand persons]","04","","Non-agricultural industries","0","","Both sexes","11","","Contract employee","00000","","All Japan","2016000000","","2016","","285","249","20","2","0","2","18","4","14","58","31","27","53","26","27","51","28","24","67","23","43","36","27","9","7","2","2","0","0"
"01","","Actual number[ten thousand persons]","04","","Non-agricultural industries","0","","Both sexes","11","","Contract employee","00000","","All Japan","2017000000","","2017","","290","250","18","1","0","1","16","4","12","56","28","27","53","27","26","51","27","24","72","25","48","40","28","12","9","2","2","0","0"
"01","","Actual number[ten thousand persons]","04","","Non-agricultural industries","0","","Both sexes","11","","Contract employee","00000","","All Japan","2018000000","","2018","","293","249","18","1","0","1","16","4","13","54","28","26","52","25","27","53","28","25","72","25","47","44","31","13","10","3","2","0","0"
"01","","Actual number[ten thousand persons]","04","","Non-agricultural industries","0","","Both sexes","11","","Contract employee","00000","","All Japan","2019000000","","2019","","294","247","19","1","0","1","17","4","13","51","26","24","51","25","25","55","28","26","72","24","48","47","31","16","13","3","3","0","0"
"01","","Actual number[ten thousand persons]","04","","Non-agricultural industries","0","","Both sexes","11","","Contract employee","00000","","All Japan","2020000000","","2020","","278","231","15","1","0","1","13","4","10","49","25","23","45","22","24","53","27","26","69","24","45","47","29","18","14","4","3","0","0"
"01","","Actual number[ten thousand persons]","04","","Non-agricultural industries","0","","Both sexes","11","","Contract employee","00000","","All Japan","2021000000","","2021","","275","227","14","1","***","1","14","3","11","46","23","23","42","21","21","53","27","26","71","24","47","48","29","19","15","4","3","0","0"
"01","","Actual number[ten thousand persons]","04","","Non-agricultural industries","0","","Both sexes","11","","Contract employee","00000","","All Japan","2022000000","","2022","","282","229","13","1","0","1","12","3","9","45","23","22","43","21","22","54","26","28","75","25","49","52","31","22","17","5","4","1","0"
"01","","Actual number[ten thousand persons]","04","","Non-agricultural industries","0","","Both sexes","11","","Contract employee","00000","","All Japan","2023000000","","2023","","281","227","13","1","0","1","12","3","9","45","24","21","40","19","21","51","24","26","78","26","51","54","32","23","17","6","4","1","0"
"01","","Actual number[ten thousand persons]","04","","Non-agricultural industries","0","","Both sexes","11","","Contract employee","00000","","All Japan","2024000000","","2024","","275","217","13","1","0","1","12","3","9","42","22","20","38","18","20","49","23","26","76","26","50","57","34","23","17","6","5","1","0"
"01","","Actual number[ten thousand persons]","04","","Non-agricultural industries","0","","Both sexes","12","","Entrusted employee","00000","","All Japan","2013000000","","2013","","114","92","2","0","***","0","2","0","1","9","4","4","12","5","6","14","6","7","56","8","49","22","16","7","5","2","2","0","0"
"01","","Actual number[ten thousand persons]","04","","Non-agricultural industries","0","","Both sexes","12","","Entrusted employee","00000","","All Japan","2014000000","","2014","","118","92","2","0","***","0","2","0","1","9","4","5","12","5","7","13","7","7","56","8","48","26","19","8","5","2","2","0","0"
"01","","Actual number[ten thousand persons]","04","","Non-agricultural industries","0","","Both sexes","12","","Entrusted employee","00000","","All Japan","2015000000","","2015","","117","89","2","0","***","0","2","0","1","8","4","5","11","5","6","13","6","7","54","8","47","28","20","8","6","2","2","0","0"
"01","","Actual number[ten thousand persons]","04","","Non-agricultural industries","0","","Both sexes","12","","Entrusted employee","00000","","All Japan","2016000000","","2016","","118","89","1","0","***","0","1","0","1","7","3","4","11","4","7","14","7","7","55","8","47","30","21","8","6","2","2","0","0"
"01","","Actual number[ten thousand persons]","04","","Non-agricultural industries","0","","Both sexes","12","","Entrusted employee","00000","","All Japan","2017000000","","2017","","119","88","2","0","***","0","2","0","1","7","3","4","10","5","6","13","6","6","56","8","47","31","22","9","6","3","2","0","0"
"01","","Actual number[ten thousand persons]","04","","Non-agricultural industries","0","","Both sexes","12","","Entrusted employee","00000","","All Japan","2018000000","","2018","","120","87","1","0","0","0","1","0","1","6","3","3","9","4","6","13","6","7","57","9","48","33","23","10","7","3","2","0","0"
"01","","Actual number[ten thousand persons]","04","","Non-agricultural industries","0","","Both sexes","12","","Entrusted employee","00000","","All Japan","2019000000","","2019","","124","86","1","0","***","0","1","0","1","6","3","3","10","4","6","13","6","7","57","8","49","38","24","14","10","4","3","1","0"
"01","","Actual number[ten thousand persons]","04","","Non-agricultural industries","0","","Both sexes","12","","Entrusted employee","00000","","All Japan","2020000000","","2020","","115","79","1","0","***","0","1","0","1","6","3","3","8","3","4","12","6","6","53","6","46","36","22","14","10","4","3","1","0"
"01","","Actual number[ten thousand persons]","04","","Non-agricultural industries","0","","Both sexes","12","","Entrusted employee","00000","","All Japan","2021000000","","2021","","112","77","1","0","***","0","1","0","1","5","3","2","7","3","4","11","5","6","51","6","45","35","22","13","9","4","3","1","0"
"01","","Actual number[ten thousand persons]","04","","Non-agricultural industries","0","","Both sexes","12","","Entrusted employee","00000","","All Japan","2022000000","","2022","","111","76","1","0","***","0","1","0","1","5","2","2","7","3","4","11","6","5","53","7","46","35","22","13","10","4","3","1","0"
"01","","Actual number[ten thousand persons]","04","","Non-agricultural industries","0","","Both sexes","12","","Entrusted employee","00000","","All Japan","2023000000","","2023","","111","75","1","0","0","0","1","0","1","5","2","2","6","3","3","10","5","5","53","7","46","36","22","14","10","4","3","1","0"
"01","","Actual number[ten thousand persons]","04","","Non-agricultural industries","0","","Both sexes","12","","Entrusted employee","00000","","All Japan","2024000000","","2024","","107","70","1","0","0","0","1","0","1","4","2","2","5","3","2","9","4","5","50","5","44","38","22","15","10","5","4","1","0"
"01","","Actual number[ten thousand persons]","04","","Non-agricultural industries","0","","Both sexes","09","","Other","00000","","All Japan","2013000000","","2013","","79","65","6","1","0","1","5","1","4","14","7","6","13","6","7","14","7","7","19","7","11","13","7","6","4","2","1","0","0"
"01","","Actual number[ten thousand persons]","04","","Non-agricultural industries","0","","Both sexes","09","","Other","00000","","All Japan","2014000000","","2014","","83","68","6","1","***","1","6","2","4","14","8","6","13","6","7","15","7","7","20","8","12","15","8","6","4","2","2","0","0"
"01","","Actual number[ten thousand persons]","04","","Non-agricultural industries","0","","Both sexes","09","","Other","00000","","All Japan","2015000000","","2015","","80","65","6","1","0","1","5","2","4","14","7","7","13","6","7","14","7","6","18","8","11","15","8","6","4","2","2","0","0"
"01","","Actual number[ten thousand persons]","04","","Non-agricultural industries","0","","Both sexes","09","","Other","00000","","All Japan","2016000000","","2016","","77","62","7","1","0","1","6","1","5","11","6","5","13","6","7","13","7","6","17","7","10","16","10","6","4","2","2","0","0"
"01","","Actual number[ten thousand persons]","04","","Non-agricultural industries","0","","Both sexes","09","","Other","00000","","All Japan","2017000000","","2017","","74","58","5","0","0","0","4","1","3","11","6","5","12","5","7","14","7","7","17","7","11","16","9","7","4","2","2","1","0"
"01","","Actual number[ten thousand persons]","04","","Non-agricultural industries","0","","Both sexes","09","","Other","00000","","All Japan","2018000000","","2018","","77","57","5","1","0","1","5","1","3","12","6","5","12","6","6","13","7","7","16","6","10","20","10","10","6","4","3","1","0"
"01","","Actual number[ten thousand persons]","04","","Non-agricultural industries","0","","Both sexes","09","","Other","00000","","All Japan","2019000000","","2019","","82","60","6","1","0","1","6","2","4","12","7","5","11","5","6","13","7","7","17","6","11","21","10","12","7","5","3","1","0"
"01","","Actual number[ten thousand persons]","04","","Non-agricultural industries","0","","Both sexes","09","","Other","00000","","All Japan","2020000000","","2020","","80","59","7","1","0","1","7","2","4","12","7","5","10","4","6","13","7","7","17","7","11","21","9","12","7","5","3","1","0"
"01","","Actual number[ten thousand persons]","04","","Non-agricultural industries","0","","Both sexes","09","","Other","00000","","All Japan","2021000000","","2021","","78","57","7","0","0","0","6","2","4","11","6","5","10","5","6","14","7","7","15","6","9","21","8","12","8","4","3","1","0"
"01","","Actual number[ten thousand persons]","04","","Non-agricultural industries","0","","Both sexes","09","","Other","00000","","All Japan","2022000000","","2022","","79","58","6","0","0","0","6","1","4","12","7","5","10","4","6","13","6","7","17","6","11","21","9","12","7","5","4","1","0"
"01","","Actual number[ten thousand persons]","04","","Non-agricultural industries","0","","Both sexes","09","","Other","00000","","All Japan","2023000000","","2023","","80","58","6","1","0","1","5","1","4","13","7","6","9","5","5","12","6","6","18","7","11","22","9","13","7","6","4","1","0"
"01","","Actual number[ten thousand persons]","04","","Non-agricultural industries","0","","Both sexes","09","","Other","00000","","All Japan","2024000000","","2024","","80","59","7","1","0","1","6","2","4","12","7","6","10","5","5","13","6","7","16","7","9","21","9","12","7","5","4","1","0"
"01","","Actual number[ten thousand persons]","04","","Non-agricultural industries","1","","Male","00","","Employee","00000","","All Japan","2013000000","","2013","","3117","2889","235","43","7","35","193","62","130","624","292","332","801","394","407","663","349","314","565","294","271","228","140","88","60","28","21","5","2"
"01","","Actual number[ten thousand persons]","04","","Non-agricultural industries","1","","Male","00","","Employee","00000","","All Japan","2014000000","","2014","","3128","2880","239","44","7","37","195","67","128","614","289","325","793","377","416","675","357","317","560","296","264","248","153","94","65","29","21","6","2"
"01","","Actual number[ten thousand persons]","04","","Non-agricultural industries","1","","Male","00","","Employee","00000","","All Japan","2015000000","","2015","","3135","2864","243","44","8","37","198","68","130","601","282","319","781","362","419","690","364","326","550","295","255","271","171","100","69","31","22","7","2"
"01","","Actual number[ten thousand persons]","04","","Non-agricultural industries","1","","Male","00","","Employee","00000","","All Japan","2016000000","","2016","","3166","2873","255","50","9","41","205","69","136","595","281","314","767","350","416","711","385","326","545","294","251","292","187","106","69","36","26","8","2"
"01","","Actual number[ten thousand persons]","04","","Non-agricultural industries","1","","Male","00","","Employee","00000","","All Japan","2017000000","","2017","","3197","2890","256","48","8","40","208","70","138","590","277","314","756","345","411","733","399","334","555","301","254","308","189","119","76","42","31","9","3"
"01","","Actual number[ten thousand persons]","04","","Non-agricultural industries","1","","Male","00","","Employee","00000","","All Japan","2018000000","","2018","","3241","2911","271","53","10","43","218","78","141","587","277","310","738","338","399","756","411","346","560","306","254","330","190","140","94","47","34","10","3"
"01","","Actual number[ten thousand persons]","04","","Non-agricultural industries","1","","Male","00","","Employee","00000","","All Japan","2019000000","","2019","","3261","2912","278","55","11","45","221","80","142","581","278","303","714","331","383","774","418","356","566","308","258","349","186","163","109","55","41","11","3"
"01","","Actual number[ten thousand persons]","04","","Non-agricultural industries","1","","Male","00","","Employee","00000","","All Japan","2020000000","","2020","","3252","2899","271","48","9","39","222","79","143","576","279","296","695","326","368","785","421","364","573","316","258","352","181","172","115","58","42","12","4"
"01","","Actual number[ten thousand persons]","04","","Non-agricultural industries","1","","Male","00","","Employee","00000","","All Japan","2021000000","","2021","","3245","2891","267","48","8","39","220","75","144","574","283","291","679","323","356","798","417","380","574","316","257","354","175","179","120","58","41","13","5"
"01","","Actual number[ten thousand persons]","04","","Non-agricultural industries","1","","Male","00","","Employee","00000","","All Japan","2022000000","","2022","","3244","2884","263","49","9","40","213","76","138","568","282","287","663","317","346","802","409","393","587","324","263","360","172","189","123","66","45","15","6"
"01","","Actual number[ten thousand persons]","04","","Non-agricultural industries","1","","Male","00","","Employee","00000","","All Japan","2023000000","","2023","","3248","2886","270","51","10","41","219","76","143","566","284","282","648","311","337","796","394","402","605","336","270","361","171","190","120","70","50","16","5"
"01","","Actual number[ten thousand persons]","04","","Non-agricultural industries","1","","Male","00","","Employee","00000","","All Japan","2024000000","","2024","","3258","2886","276","53","11","42","223","79","143","572","288","283","633","302","331","788","380","408","617","344","274","372","176","196","120","77","55","17","5"
"01","","Actual number[ten thousand persons]","04","","Non-agricultural industries","1","","Male","02","","Employee, excl. executive of company or corporation","00000","","All Japan","2013000000","","2013","","2859","2696","235","43","7","35","192","62","130","612","289","323","757","377","380","605","322","283","487","259","228","163","108","54","41","13","11","2","1"
"01","","Actual number[ten thousand persons]","04","","Non-agricultural industries","1","","Male","02","","Employee, excl. executive of company or corporation","00000","","All Japan","2014000000","","2014","","2870","2689","238","44","7","37","194","66","128","602","286","316","749","360","389","615","327","287","486","261","224","181","121","60","45","15","12","2","1"
"01","","Actual number[ten thousand persons]","04","","Non-agricultural industries","1","","Male","02","","Employee, excl. executive of company or corporation","00000","","All Japan","2015000000","","2015","","2877","2676","242","44","8","37","197","68","129","589","279","310","738","347","392","630","334","296","478","261","217","201","136","64","48","16","13","3","1"
"01","","Actual number[ten thousand persons]","04","","Non-agricultural industries","1","","Male","02","","Employee, excl. executive of company or corporation","00000","","All Japan","2016000000","","2016","","2907","2688","254","50","9","41","204","69","136","584","278","306","724","334","390","650","353","297","475","260","215","219","150","69","49","19","16","3","1"
"01","","Actual number[ten thousand persons]","04","","Non-agricultural industries","1","","Male","02","","Employee, excl. executive of company or corporation","00000","","All Japan","2017000000","","2017","","2938","2705","255","48","8","40","207","70","137","579","273","306","715","330","385","671","368","303","485","268","218","233","153","80","56","24","19","4","1"
"01","","Actual number[ten thousand persons]","04","","Non-agricultural industries","1","","Male","02","","Employee, excl. executive of company or corporation","00000","","All Japan","2018000000","","2018","","2996","2741","270","52","10","43","218","78","140","579","275","304","701","325","376","698","381","317","493","274","219","255","157","97","70","27","22","5","1"
"01","","Actual number[ten thousand persons]","04","","Non-agricultural industries","1","","Male","02","","Employee, excl. executive of company or corporation","00000","","All Japan","2019000000","","2019","","3014","2741","276","55","11","45","221","80","140","572","275","298","678","318","361","713","387","325","502","277","224","273","156","116","84","33","27","5","1"
"01","","Actual number[ten thousand persons]","04","","Non-agricultural industries","1","","Male","02","","Employee, excl. executive of company or corporation","00000","","All Japan","2020000000","","2020","","2995","2722","270","48","9","39","221","79","142","567","277","291","657","313","344","721","389","332","507","282","223","273","150","123","89","34","28","6","1"
"01","","Actual number[ten thousand persons]","04","","Non-agricultural industries","1","","Male","02","","Employee, excl. executive of company or corporation","00000","","All Japan","2021000000","","2021","","2987","2712","267","48","8","39","219","75","144","564","280","284","644","310","334","732","385","347","506","284","222","275","146","128","93","35","27","6","2"
"01","","Actual number[ten thousand persons]","04","","Non-agricultural industries","1","","Male","02","","Employee, excl. executive of company or corporation","00000","","All Japan","2022000000","","2022","","2989","2706","262","49","9","40","212","75","137","559","278","280","630","305","325","737","378","359","519","290","229","282","145","137","96","41","31","8","3"
"01","","Actual number[ten thousand persons]","04","","Non-agricultural industries","1","","Male","02","","Employee, excl. executive of company or corporation","00000","","All Japan","2023000000","","2023","","2999","2711","269","50","10","41","219","76","142","557","281","276","616","298","318","731","365","366","538","301","236","288","145","143","97","46","35","9","2"
"01","","Actual number[ten thousand persons]","04","","Non-agricultural industries","1","","Male","02","","Employee, excl. executive of company or corporation","00000","","All Japan","2024000000","","2024","","3006","2710","275","53","11","42","222","79","143","562","285","277","603","290","313","723","351","372","547","308","239","296","149","147","97","50","39","9","2"
"01","","Actual number[ten thousand persons]","04","","Non-agricultural industries","1","","Male","03","","Regular staff","00000","","All Japan","2013000000","","2013","","2257","2208","128","15","2","14","113","26","87","512","232","280","688","340","347","551","294","256","329","225","104","49","33","16","11","5","3","1","0"
"01","","Actual number[ten thousand persons]","04","","Non-agricultural industries","1","","Male","03","","Regular staff","00000","","All Japan","2014000000","","2014","","2249","2197","134","17","1","15","117","28","89","502","230","271","677","323","354","558","299","259","327","226","100","52","36","16","12","5","4","1","0"
"01","","Actual number[ten thousand persons]","04","","Non-agricultural industries","1","","Male","03","","Regular staff","00000","","All Japan","2015000000","","2015","","2253","2196","135","15","1","14","120","29","91","493","226","266","666","309","357","574","305","269","328","227","101","57","39","17","12","5","4","1","0"
"01","","Actual number[ten thousand persons]","04","","Non-agricultural industries","1","","Male","03","","Regular staff","00000","","All Japan","2016000000","","2016","","2269","2209","141","18","1","16","123","28","95","493","227","266","654","299","355","593","324","269","327","227","100","60","42","18","12","6","4","1","0"
"01","","Actual number[ten thousand persons]","04","","Non-agricultural industries","1","","Male","03","","Regular staff","00000","","All Japan","2017000000","","2017","","2301","2234","141","16","2","14","125","29","97","492","226","266","649","295","354","613","337","276","339","235","104","66","45","21","13","8","5","2","1"
"01","","Actual number[ten thousand persons]","04","","Non-agricultural industries","1","","Male","03","","Regular staff","00000","","All Japan","2018000000","","2018","","2338","2267","145","16","2","15","129","30","98","496","229","268","638","292","346","638","348","290","350","242","108","71","46","24","17","7","5","1","1"
"01","","Actual number[ten thousand persons]","04","","Non-agricultural industries","1","","Male","03","","Regular staff","00000","","All Japan","2019000000","","2019","","2337","2264","147","16","1","14","131","32","98","490","229","261","616","286","330","652","354","298","360","246","113","73","45","27","20","8","6","1","1"
"01","","Actual number[ten thousand persons]","04","","Non-agricultural industries","1","","Male","03","","Regular staff","00000","","All Japan","2020000000","","2020","","2342","2266","145","15","1","14","129","29","100","487","233","254","599","283","316","662","358","304","373","253","120","77","45","31","23","9","6","2","1"
"01","","Actual number[ten thousand persons]","04","","Non-agricultural industries","1","","Male","03","","Regular staff","00000","","All Japan","2021000000","","2021","","2345","2264","145","15","1","13","130","29","101","486","237","250","587","282","305","671","354","317","375","255","121","80","47","34","24","9","6","2","1"
"01","","Actual number[ten thousand persons]","04","","Non-agricultural industries","1","","Male","03","","Regular staff","00000","","All Japan","2022000000","","2022","","2331","2249","138","13","1","12","125","27","98","480","234","246","572","275","297","674","346","328","385","259","126","81","47","34","24","10","7","2","1"
"01","","Actual number[ten thousand persons]","04","","Non-agricultural industries","1","","Male","03","","Regular staff","00000","","All Japan","2023000000","","2023","","2329","2246","140","12","1","11","128","28","101","477","237","241","559","268","291","670","336","335","400","268","132","83","47","36","24","11","8","2","1"
"01","","Actual number[ten thousand persons]","04","","Non-agricultural industries","1","","Male","03","","Regular staff","00000","","All Japan","2024000000","","2024","","2337","2252","139","12","1","11","127","26","101","485","242","243","548","262","286","663","322","341","417","277","140","85","48","37","24","12","9","2","1"
"01","","Actual number[ten thousand persons]","04","","Non-agricultural industries","1","","Male","10","","Non-regular staff","00000","","All Japan","2013000000","","2013","","601","487","106","28","6","22","79","36","43","100","57","43","69","36","33","54","28","27","158","34","124","113","75","39","30","9","7","1","0"
"01","","Actual number[ten thousand persons]","04","","Non-agricultural industries","1","","Male","10","","Non-regular staff","00000","","All Japan","2014000000","","2014","","620","491","104","27","6","21","77","38","39","100","55","45","72","37","35","57","28","28","159","35","124","128","85","43","34","10","8","1","0"
"01","","Actual number[ten thousand persons]","04","","Non-agricultural industries","1","","Male","10","","Non-regular staff","00000","","All Japan","2015000000","","2015","","623","480","106","29","6","23","77","39","38","96","53","43","72","37","35","56","29","27","149","34","116","144","97","47","36","11","9","2","0"
"01","","Actual number[ten thousand persons]","04","","Non-agricultural industries","1","","Male","10","","Non-regular staff","00000","","All Japan","2016000000","","2016","","637","479","113","32","8","24","81","41","41","91","51","40","70","35","35","56","29","27","148","33","115","159","108","51","37","14","12","2","0"
"01","","Actual number[ten thousand persons]","04","","Non-agricultural industries","1","","Male","10","","Non-regular staff","00000","","All Japan","2017000000","","2017","","636","470","113","32","6","25","82","41","40","87","48","40","65","34","31","58","31","27","146","33","114","166","108","58","42","16","13","2","0"
"01","","Actual number[ten thousand persons]","04","","Non-agricultural industries","1","","Male","10","","Non-regular staff","00000","","All Japan","2018000000","","2018","","658","473","126","36","8","28","89","48","42","82","46","36","63","33","31","59","32","28","143","32","111","184","112","73","53","20","16","3","1"
"01","","Actual number[ten thousand persons]","04","","Non-agricultural industries","1","","Male","10","","Non-regular staff","00000","","All Japan","2019000000","","2019","","678","478","130","40","9","30","91","49","42","83","47","36","62","31","30","61","32","29","142","31","111","201","112","89","64","25","21","4","1"
"01","","Actual number[ten thousand persons]","04","","Non-agricultural industries","1","","Male","10","","Non-regular staff","00000","","All Japan","2020000000","","2020","","653","456","126","33","8","25","93","50","42","80","44","36","58","30","28","58","30","29","134","30","104","197","106","91","66","26","22","4","1"
"01","","Actual number[ten thousand persons]","04","","Non-agricultural industries","1","","Male","10","","Non-regular staff","00000","","All Japan","2021000000","","2021","","642","448","122","33","7","26","89","46","43","78","43","35","57","28","28","61","31","30","131","29","101","194","100","95","69","26","21","4","1"
"01","","Actual number[ten thousand persons]","04","","Non-agricultural industries","1","","Male","10","","Non-regular staff","00000","","All Japan","2022000000","","2022","","658","457","123","36","8","28","88","48","39","79","44","35","58","30","28","63","31","31","134","31","103","201","98","103","72","31","24","6","1"
"01","","Actual number[ten thousand persons]","04","","Non-agricultural industries","1","","Male","10","","Non-regular staff","00000","","All Japan","2023000000","","2023","","670","464","129","38","8","30","90","49","42","80","45","35","57","30","27","61","29","32","138","33","104","206","98","108","73","35","27","6","1"
"01","","Actual number[ten thousand persons]","04","","Non-agricultural industries","1","","Male","10","","Non-regular staff","00000","","All Japan","2024000000","","2024","","669","457","136","41","10","31","95","54","41","77","43","34","54","28","26","60","29","31","131","31","99","211","101","110","73","37","30","6","1"
"01","","Actual number[ten thousand persons]","04","","Non-agricultural industries","1","","Male","04","","Part-time worker, Arbeit (temporary worker)","00000","","All Japan","2013000000","","2013","","296","235","89","26","6","20","63","32","31","48","29","19","26","14","12","20","10","10","51","12","39","60","39","21","17","4","4","1","0"
"01","","Actual number[ten thousand persons]","04","","Non-agricultural industries","1","","Male","04","","Part-time worker, Arbeit (temporary worker)","00000","","All Japan","2014000000","","2014","","299","232","87","25","6","20","62","34","27","47","28","19","28","15","13","20","10","10","51","13","38","66","41","25","20","5","5","1","0"
"01","","Actual number[ten thousand persons]","04","","Non-agricultural industries","1","","Male","04","","Part-time worker, Arbeit (temporary worker)","00000","","All Japan","2015000000","","2015","","306","230","90","27","6","21","62","35","27","45","27","18","28","14","14","21","10","11","46","12","34","76","49","27","21","6","5","1","0"
"01","","Actual number[ten thousand persons]","04","","Non-agricultural industries","1","","Male","04","","Part-time worker, Arbeit (temporary worker)","00000","","All Japan","2016000000","","2016","","318","231","94","30","7","23","64","36","28","44","26","17","28","14","14","20","11","10","46","13","33","86","56","30","22","8","7","1","0"
"01","","Actual number[ten thousand persons]","04","","Non-agricultural industries","1","","Male","04","","Part-time worker, Arbeit (temporary worker)","00000","","All Japan","2017000000","","2017","","317","228","97","30","6","24","67","38","29","41","24","17","26","14","12","22","12","10","42","12","30","89","56","34","24","9","8","1","0"
"01","","Actual number[ten thousand persons]","04","","Non-agricultural industries","1","","Male","04","","Part-time worker, Arbeit (temporary worker)","00000","","All Japan","2018000000","","2018","","340","238","110","35","8","27","75","44","32","39","23","16","25","13","12","23","12","10","41","12","29","102","57","45","32","12","10","2","0"
"01","","Actual number[ten thousand persons]","04","","Non-agricultural industries","1","","Male","04","","Part-time worker, Arbeit (temporary worker)","00000","","All Japan","2019000000","","2019","","347","237","113","39","9","29","74","45","31","38","22","16","24","12","12","23","13","10","39","12","28","110","56","53","38","16","12","2","0"
"01","","Actual number[ten thousand persons]","04","","Non-agricultural industries","1","","Male","04","","Part-time worker, Arbeit (temporary worker)","00000","","All Japan","2020000000","","2020","","340","231","111","33","8","24","78","46","33","37","22","16","23","12","11","22","11","10","38","11","27","109","53","55","39","16","13","2","0"
"01","","Actual number[ten thousand persons]","04","","Non-agricultural industries","1","","Male","04","","Part-time worker, Arbeit (temporary worker)","00000","","All Japan","2021000000","","2021","","333","228","107","32","7","25","75","43","32","37","21","16","23","12","11","23","12","11","37","12","25","105","49","56","40","16","13","2","0"
"01","","Actual number[ten thousand persons]","04","","Non-agricultural industries","1","","Male","04","","Part-time worker, Arbeit (temporary worker)","00000","","All Japan","2022000000","","2022","","342","234","110","35","7","28","75","45","30","37","22","16","25","14","11","25","12","12","37","12","25","108","47","61","42","19","15","3","1"
"01","","Actual number[ten thousand persons]","04","","Non-agricultural industries","1","","Male","04","","Part-time worker, Arbeit (temporary worker)","00000","","All Japan","2023000000","","2023","","347","237","113","37","8","29","76","45","31","37","22","16","25","14","11","24","12","13","37","13","25","111","47","63","42","21","17","4","1"
"01","","Actual number[ten thousand persons]","04","","Non-agricultural industries","1","","Male","04","","Part-time worker, Arbeit (temporary worker)","00000","","All Japan","2024000000","","2024","","357","245","122","39","10","30","82","51","32","37","22","15","24","13","11","25","12","13","36","12","24","113","47","66","42","23","19","4","1"
"01","","Actual number[ten thousand persons]","04","","Non-agricultural industries","1","","Male","05","","Part-time worker","00000","","All Japan","2013000000","","2013","","99","66","6","1","0","1","6","2","4","13","7","6","10","5","5","8","4","5","29","7","23","33","22","11","9","2","2","0","0"
"01","","Actual number[ten thousand persons]","04","","Non-agricultural industries","1","","Male","05","","Part-time worker","00000","","All Japan","2014000000","","2014","","101","65","6","1","0","1","5","2","4","12","6","6","9","5","5","8","4","4","29","7","22","36","23","13","11","3","2","0","0"
"01","","Actual number[ten thousand persons]","04","","Non-agricultural industries","1","","Male","05","","Part-time worker","00000","","All Japan","2015000000","","2015","","106","64","6","1","0","1","5","2","3","13","7","6","10","5","5","8","4","4","27","7","20","42","27","15","12","4","3","1","0"
"01","","Actual number[ten thousand persons]","04","","Non-agricultural industries","1","","Male","05","","Part-time worker","00000","","All Japan","2016000000","","2016","","113","65","6","1","0","1","5","2","4","13","7","6","11","6","5","9","4","4","27","7","20","48","31","17","13","4","4","1","0"
"01","","Actual number[ten thousand persons]","04","","Non-agricultural industries","1","","Male","05","","Part-time worker","00000","","All Japan","2017000000","","2017","","111","61","5","1","0","1","5","1","3","13","7","6","10","6","4","9","5","4","24","7","17","49","30","19","14","5","4","1","0"
"01","","Actual number[ten thousand persons]","04","","Non-agricultural industries","1","","Male","05","","Part-time worker","00000","","All Japan","2018000000","","2018","","119","62","6","1","0","1","5","2","3","11","6","6","10","5","5","10","5","5","24","6","18","57","33","24","17","7","6","1","0"
"01","","Actual number[ten thousand persons]","04","","Non-agricultural industries","1","","Male","05","","Part-time worker","00000","","All Japan","2019000000","","2019","","121","59","5","1","0","1","4","2","3","11","7","5","10","4","5","10","5","5","23","6","17","61","33","28","20","8","7","1","0"
"01","","Actual number[ten thousand persons]","04","","Non-agricultural industries","1","","Male","05","","Part-time worker","00000","","All Japan","2020000000","","2020","","121","59","6","1","0","1","5","2","3","10","6","5","9","5","5","10","5","5","22","6","16","62","32","30","21","9","7","1","0"
"01","","Actual number[ten thousand persons]","04","","Non-agricultural industries","1","","Male","05","","Part-time worker","00000","","All Japan","2021000000","","2021","","120","60","6","1","0","1","5","2","3","11","6","5","10","5","5","11","6","6","22","6","16","60","30","30","22","9","7","1","0"
"01","","Actual number[ten thousand persons]","04","","Non-agricultural industries","1","","Male","05","","Part-time worker","00000","","All Japan","2022000000","","2022","","122","61","5","1","0","1","4","1","3","11","6","5","11","6","5","12","6","6","22","6","16","60","28","32","23","10","8","2","0"
"01","","Actual number[ten thousand persons]","04","","Non-agricultural industries","1","","Male","05","","Part-time worker","00000","","All Japan","2023000000","","2023","","126","62","5","1","0","1","4","2","3","12","7","6","11","6","4","12","5","7","22","7","15","63","29","35","24","11","9","2","0"
"01","","Actual number[ten thousand persons]","04","","Non-agricultural industries","1","","Male","05","","Part-time worker","00000","","All Japan","2024000000","","2024","","129","63","6","1","0","1","5","2","3","13","7","6","11","6","5","13","6","7","21","7","15","65","29","36","24","12","10","2","0"
"01","","Actual number[ten thousand persons]","04","","Non-agricultural industries","1","","Male","06","","Arbeit (temporary worker)","00000","","All Japan","2013000000","","2013","","196","169","82","25","6","20","57","30","27","36","23","13","17","9","8","12","7","5","22","6","16","27","17","10","8","2","2","0","0"
"01","","Actual number[ten thousand persons]","04","","Non-agricultural industries","1","","Male","06","","Arbeit (temporary worker)","00000","","All Japan","2014000000","","2014","","198","168","81","25","6","19","56","33","24","34","22","13","19","10","8","12","6","5","22","6","16","30","18","12","9","2","2","0","0"
"01","","Actual number[ten thousand persons]","04","","Non-agricultural industries","1","","Male","06","","Arbeit (temporary worker)","00000","","All Japan","2015000000","","2015","","200","167","83","27","6","21","57","33","24","33","20","12","18","9","9","13","7","6","20","6","14","34","22","12","9","2","2","0","0"
"01","","Actual number[ten thousand persons]","04","","Non-agricultural industries","1","","Male","06","","Arbeit (temporary worker)","00000","","All Japan","2016000000","","2016","","205","166","88","29","7","22","59","35","24","31","19","12","17","8","9","12","6","5","19","6","13","38","25","13","9","4","3","1","0"
"01","","Actual number[ten thousand persons]","04","","Non-agricultural industries","1","","Male","06","","Arbeit (temporary worker)","00000","","All Japan","2017000000","","2017","","207","166","92","29","6","23","62","36","26","29","18","11","15","8","8","12","7","5","18","6","12","40","25","15","11","4","4","1","0"
"01","","Actual number[ten thousand persons]","04","","Non-agricultural industries","1","","Male","06","","Arbeit (temporary worker)","00000","","All Japan","2018000000","","2018","","221","177","104","34","8","26","70","42","29","28","17","11","15","8","7","12","7","5","17","6","11","45","24","21","16","5","4","1","0"
"01","","Actual number[ten thousand persons]","04","","Non-agricultural industries","1","","Male","06","","Arbeit (temporary worker)","00000","","All Japan","2019000000","","2019","","226","178","108","37","9","29","70","43","28","27","16","11","14","7","7","13","8","6","16","6","10","48","23","25","18","7","6","1","0"
"01","","Actual number[ten thousand persons]","04","","Non-agricultural industries","1","","Male","06","","Arbeit (temporary worker)","00000","","All Japan","2020000000","","2020","","219","173","104","31","7","24","73","44","30","27","17","11","14","8","6","12","6","6","15","6","10","47","22","25","18","7","6","1","0"
"01","","Actual number[ten thousand persons]","04","","Non-agricultural industries","1","","Male","06","","Arbeit (temporary worker)","00000","","All Japan","2021000000","","2021","","213","168","101","31","7","24","70","41","29","26","16","10","14","7","7","12","6","6","15","6","9","45","20","25","18","7","6","1","0"
"01","","Actual number[ten thousand persons]","04","","Non-agricultural industries","1","","Male","06","","Arbeit (temporary worker)","00000","","All Japan","2022000000","","2022","","221","173","105","34","7","27","71","43","28","26","16","11","14","8","6","13","6","6","15","6","9","48","19","29","20","9","7","2","0"
"01","","Actual number[ten thousand persons]","04","","Non-agricultural industries","1","","Male","06","","Arbeit (temporary worker)","00000","","All Japan","2023000000","","2023","","221","174","108","36","8","28","72","43","29","25","15","10","14","7","7","12","6","6","15","6","9","47","18","29","18","10","8","2","0"
"01","","Actual number[ten thousand persons]","04","","Non-agricultural industries","1","","Male","06","","Arbeit (temporary worker)","00000","","All Japan","2024000000","","2024","","228","181","116","38","10","29","77","49","28","24","15","9","14","7","6","12","7","6","15","6","9","47","18","29","18","11","9","2","0"
"01","","Actual number[ten thousand persons]","04","","Non-agricultural industries","1","","Male","07","","Dispatched worker from temporary labour agency","00000","","All Japan","2013000000","","2013","","47","42","5","0","0","0","4","1","3","13","7","7","12","6","5","7","4","3","6","2","4","6","3","2","2","1","0","0","0"
"01","","Actual number[ten thousand persons]","04","","Non-agricultural industries","1","","Male","07","","Dispatched worker from temporary labour agency","00000","","All Japan","2014000000","","2014","","48","42","4","1","0","0","3","1","2","12","7","6","11","6","5","8","4","3","6","3","4","6","4","2","2","1","1","0","***"
"01","","Actual number[ten thousand persons]","04","","Non-agricultural industries","1","","Male","07","","Dispatched worker from temporary labour agency","00000","","All Japan","2015000000","","2015","","50","43","4","0","0","0","4","1","3","12","6","6","12","6","6","8","5","3","7","3","4","7","5","2","2","1","0","0","0"
"01","","Actual number[ten thousand persons]","04","","Non-agricultural industries","1","","Male","07","","Dispatched worker from temporary labour agency","00000","","All Japan","2016000000","","2016","","54","45","5","0","0","0","5","2","3","13","6","6","12","6","6","9","5","4","7","3","4","9","6","3","2","1","1","0","0"
"01","","Actual number[ten thousand persons]","04","","Non-agricultural industries","1","","Male","07","","Dispatched worker from temporary labour agency","00000","","All Japan","2017000000","","2017","","52","44","4","0","0","0","4","1","3","12","6","6","11","6","5","10","6","4","6","3","3","8","5","3","2","1","1","0","0"
"01","","Actual number[ten thousand persons]","04","","Non-agricultural industries","1","","Male","07","","Dispatched worker from temporary labour agency","00000","","All Japan","2018000000","","2018","","50","43","4","0","0","0","4","1","3","11","6","5","11","5","5","10","5","4","7","3","3","8","5","3","2","1","1","0","0"
"01","","Actual number[ten thousand persons]","04","","Non-agricultural industries","1","","Male","07","","Dispatched worker from temporary labour agency","00000","","All Japan","2019000000","","2019","","56","47","5","1","0","0","4","1","3","12","7","6","11","6","6","11","6","5","8","3","4","9","4","5","3","1","1","0","0"
"01","","Actual number[ten thousand persons]","04","","Non-agricultural industries","1","","Male","07","","Dispatched worker from temporary labour agency","00000","","All Japan","2020000000","","2020","","53","44","4","0","0","0","4","1","3","12","6","6","11","5","5","10","6","5","8","4","4","9","4","5","3","1","1","0","0"
"01","","Actual number[ten thousand persons]","04","","Non-agricultural industries","1","","Male","07","","Dispatched worker from temporary labour agency","00000","","All Japan","2021000000","","2021","","53","43","4","0","0","0","3","1","3","12","6","5","10","5","5","11","6","5","7","4","3","10","5","5","3","2","2","0","0"
"01","","Actual number[ten thousand persons]","04","","Non-agricultural industries","1","","Male","07","","Dispatched worker from temporary labour agency","00000","","All Japan","2022000000","","2022","","58","48","5","0","0","0","4","1","3","13","7","6","11","5","6","12","6","5","8","5","3","11","4","6","4","2","2","0","0"
"01","","Actual number[ten thousand persons]","04","","Non-agricultural industries","1","","Male","07","","Dispatched worker from temporary labour agency","00000","","All Japan","2023000000","","2023","","60","49","5","0","0","0","5","1","3","13","7","6","10","5","5","13","6","7","9","5","4","11","4","7","4","2","2","0","0"
"01","","Actual number[ten thousand persons]","04","","Non-agricultural industries","1","","Male","07","","Dispatched worker from temporary labour agency","00000","","All Japan","2024000000","","2024","","59","47","4","0","0","0","4","1","3","13","7","6","10","5","5","11","5","6","10","5","4","11","5","7","4","3","2","1","0"
"01","","Actual number[ten thousand persons]","04","","Non-agricultural industries","1","","Male","11","","Contract employee","00000","","All Japan","2013000000","","2013","","146","126","10","1","0","1","9","2","7","29","16","13","22","11","11","19","9","9","46","12","34","20","14","5","4","1","1","0","***"
"01","","Actual number[ten thousand persons]","04","","Non-agricultural industries","1","","Male","11","","Contract employee","00000","","All Japan","2014000000","","2014","","157","133","10","1","0","1","9","2","7","31","15","15","25","12","12","21","10","11","48","12","35","24","18","5","4","1","1","0","***"
"01","","Actual number[ten thousand persons]","04","","Non-agricultural industries","1","","Male","11","","Contract employee","00000","","All Japan","2015000000","","2015","","153","126","9","1","0","1","8","2","6","29","15","14","24","13","11","20","10","10","45","12","33","27","20","6","5","1","1","0","0"
"01","","Actual number[ten thousand persons]","04","","Non-agricultural industries","1","","Male","11","","Contract employee","00000","","All Japan","2016000000","","2016","","153","124","9","1","0","1","8","2","6","28","15","13","22","12","11","20","10","10","45","12","33","29","22","7","6","1","1","0","0"
"01","","Actual number[ten thousand persons]","04","","Non-agricultural industries","1","","Male","11","","Contract employee","00000","","All Japan","2017000000","","2017","","155","123","9","1","0","1","8","2","6","26","13","13","21","11","10","19","10","9","48","12","36","32","23","9","7","2","2","0","0"
"01","","Actual number[ten thousand persons]","04","","Non-agricultural industries","1","","Male","11","","Contract employee","00000","","All Japan","2018000000","","2018","","155","120","8","1","0","0","8","2","5","23","12","11","21","11","10","20","11","9","47","12","36","35","25","11","8","2","2","0","0"
"01","","Actual number[ten thousand persons]","04","","Non-agricultural industries","1","","Male","11","","Contract employee","00000","","All Japan","2019000000","","2019","","155","117","8","1","0","1","8","2","5","22","12","10","20","11","9","21","11","10","46","10","35","38","25","13","10","3","2","0","0"
"01","","Actual number[ten thousand persons]","04","","Non-agricultural industries","1","","Male","11","","Contract employee","00000","","All Japan","2020000000","","2020","","144","108","7","0","0","0","7","2","4","22","11","11","18","9","9","20","10","10","42","10","32","37","23","14","11","3","3","0","0"
"01","","Actual number[ten thousand persons]","04","","Non-agricultural industries","1","","Male","11","","Contract employee","00000","","All Japan","2021000000","","2021","","146","108","7","0","***","0","6","1","5","21","11","10","18","9","9","19","10","10","43","10","34","38","23","15","13","3","2","0","0"
"01","","Actual number[ten thousand persons]","04","","Non-agricultural industries","1","","Male","11","","Contract employee","00000","","All Japan","2022000000","","2022","","149","107","6","0","0","0","5","1","4","20","11","10","17","8","8","20","10","10","45","11","34","42","24","18","14","4","3","1","0"
"01","","Actual number[ten thousand persons]","04","","Non-agricultural industries","1","","Male","11","","Contract employee","00000","","All Japan","2023000000","","2023","","151","108","6","0","0","0","6","2","5","21","11","10","16","8","8","18","9","9","46","11","35","43","25","19","14","5","4","1","0"
"01","","Actual number[ten thousand persons]","04","","Non-agricultural industries","1","","Male","11","","Contract employee","00000","","All Japan","2024000000","","2024","","145","100","6","1","0","0","5","1","4","20","10","9","15","7","8","16","8","9","43","10","33","45","26","19","14","5","4","1","0"
"01","","Actual number[ten thousand persons]","04","","Non-agricultural industries","1","","Male","12","","Entrusted employee","00000","","All Japan","2013000000","","2013","","72","53","1","***","***","***","1","0","0","2","1","1","3","1","1","4","2","2","44","4","40","18","13","6","4","2","1","0","0"
"01","","Actual number[ten thousand persons]","04","","Non-agricultural industries","1","","Male","12","","Entrusted employee","00000","","All Japan","2014000000","","2014","","75","52","1","0","***","0","1","0","0","3","1","1","3","1","1","3","1","2","44","4","40","23","16","6","5","2","1","0","0"
"01","","Actual number[ten thousand persons]","04","","Non-agricultural industries","1","","Male","12","","Entrusted employee","00000","","All Japan","2015000000","","2015","","74","50","1","0","***","0","1","0","0","3","1","1","3","1","1","3","1","2","42","3","39","24","18","6","5","2","1","0","0"
"01","","Actual number[ten thousand persons]","04","","Non-agricultural industries","1","","Male","12","","Entrusted employee","00000","","All Japan","2016000000","","2016","","74","49","1","***","***","***","1","0","0","2","1","1","2","1","1","3","1","2","42","3","38","24","18","7","5","2","2","0","0"
"01","","Actual number[ten thousand persons]","04","","Non-agricultural industries","1","","Male","12","","Entrusted employee","00000","","All Japan","2017000000","","2017","","74","49","1","0","***","0","1","0","1","3","1","1","2","1","1","3","1","2","41","3","38","26","18","7","5","2","2","0","0"
"01","","Actual number[ten thousand persons]","04","","Non-agricultural industries","1","","Male","12","","Entrusted employee","00000","","All Japan","2018000000","","2018","","74","47","0","0","***","0","0","0","0","2","1","1","2","1","1","2","1","1","41","3","38","27","18","8","6","2","2","0","0"
"01","","Actual number[ten thousand persons]","04","","Non-agricultural industries","1","","Male","12","","Entrusted employee","00000","","All Japan","2019000000","","2019","","80","49","1","0","***","0","1","0","0","2","1","1","2","1","1","3","1","1","41","3","39","31","20","11","8","3","3","0","0"
"01","","Actual number[ten thousand persons]","04","","Non-agricultural industries","1","","Male","12","","Entrusted employee","00000","","All Japan","2020000000","","2020","","74","45","1","0","***","0","1","0","1","2","1","1","2","1","1","2","1","1","38","2","36","29","18","11","8","3","2","0","0"
"01","","Actual number[ten thousand persons]","04","","Non-agricultural industries","1","","Male","12","","Entrusted employee","00000","","All Japan","2021000000","","2021","","71","42","1","0","***","0","1","0","0","2","1","1","1","1","1","2","1","1","37","2","34","29","18","11","8","3","2","1","0"
"01","","Actual number[ten thousand persons]","04","","Non-agricultural industries","1","","Male","12","","Entrusted employee","00000","","All Japan","2022000000","","2022","","71","43","0","0","***","0","0","0","0","2","1","1","2","1","1","2","1","1","37","2","35","28","17","11","8","3","2","0","0"
"01","","Actual number[ten thousand persons]","04","","Non-agricultural industries","1","","Male","12","","Entrusted employee","00000","","All Japan","2023000000","","2023","","72","43","1","0","***","0","0","0","0","2","1","1","1","1","1","2","1","1","37","2","35","29","17","12","8","4","3","1","0"
"01","","Actual number[ten thousand persons]","04","","Non-agricultural industries","1","","Male","12","","Entrusted employee","00000","","All Japan","2024000000","","2024","","70","40","1","0","***","0","1","0","1","1","1","1","1","1","0","2","1","1","35","2","33","30","18","12","8","4","3","1","0"
"01","","Actual number[ten thousand persons]","04","","Non-agricultural industries","1","","Male","09","","Other","00000","","All Japan","2013000000","","2013","","40","31","2","0","0","0","2","0","2","7","4","3","6","3","3","5","2","3","10","3","7","9","5","4","3","1","1","0","0"
"01","","Actual number[ten thousand persons]","04","","Non-agricultural industries","1","","Male","09","","Other","00000","","All Japan","2014000000","","2014","","42","32","3","0","***","0","3","1","2","7","4","3","5","3","3","6","3","3","11","3","7","10","6","4","3","1","1","0","0"
"01","","Actual number[ten thousand persons]","04","","Non-agricultural industries","1","","Male","09","","Other","00000","","All Japan","2015000000","","2015","","40","30","3","0","0","0","3","1","2","7","4","3","5","3","3","5","3","2","10","3","7","10","6","4","3","1","1","0","0"
"01","","Actual number[ten thousand persons]","04","","Non-agricultural industries","1","","Male","09","","Other","00000","","All Japan","2016000000","","2016","","39","29","4","0","0","0","4","1","3","6","3","2","6","3","3","4","2","2","9","3","7","10","7","4","2","1","1","0","0"
"01","","Actual number[ten thousand persons]","04","","Non-agricultural industries","1","","Male","09","","Other","00000","","All Japan","2017000000","","2017","","38","27","2","0","0","0","2","1","1","5","3","2","5","2","2","5","2","2","9","3","7","11","6","5","3","2","1","0","0"
"01","","Actual number[ten thousand persons]","04","","Non-agricultural industries","1","","Male","09","","Other","00000","","All Japan","2018000000","","2018","","38","26","3","0","0","0","3","1","2","6","4","3","5","3","2","5","2","2","7","2","5","12","6","5","3","2","2","1","0"
"01","","Actual number[ten thousand persons]","04","","Non-agricultural industries","1","","Male","09","","Other","00000","","All Japan","2019000000","","2019","","41","27","4","0","0","0","4","1","3","6","4","3","5","2","2","5","2","2","8","2","6","13","6","6","4","3","2","1","0"
"01","","Actual number[ten thousand persons]","04","","Non-agricultural industries","1","","Male","09","","Other","00000","","All Japan","2020000000","","2020","","41","28","4","0","0","0","4","1","3","7","4","3","5","2","2","5","3","2","8","2","6","13","5","6","4","3","2","1","0"
"01","","Actual number[ten thousand persons]","04","","Non-agricultural industries","1","","Male","09","","Other","00000","","All Japan","2021000000","","2021","","39","27","4","0","***","0","4","1","3","6","3","3","4","2","2","5","2","3","7","2","5","12","5","7","5","3","2","1","0"
"01","","Actual number[ten thousand persons]","04","","Non-agricultural industries","1","","Male","09","","Other","00000","","All Japan","2022000000","","2022","","38","26","3","0","0","0","2","1","2","6","3","3","4","2","2","5","2","3","8","2","6","12","5","7","4","3","2","1","0"
"01","","Actual number[ten thousand persons]","04","","Non-agricultural industries","1","","Male","09","","Other","00000","","All Japan","2023000000","","2023","","39","27","4","1","0","1","3","1","2","7","4","3","4","2","2","4","2","2","8","2","6","12","5","7","4","3","2","1","0"
"01","","Actual number[ten thousand persons]","04","","Non-agricultural industries","1","","Male","09","","Other","00000","","All Japan","2024000000","","2024","","37","25","4","1","0","1","3","1","2","6","3","3","4","2","2","5","2","3","7","2","4","12","5","7","4","3","2","1","0"
"01","","Actual number[ten thousand persons]","04","","Non-agricultural industries","2","","Female","00","","Employee","00000","","All Japan","2013000000","","2013","","2384","2246","238","43","9","34","195","62","133","485","244","240","590","280","310","534","282","252","400","219","181","137","87","50","34","16","11","4","1"
"01","","Actual number[ten thousand persons]","04","","Non-agricultural industries","2","","Female","00","","Employee","00000","","All Japan","2014000000","","2014","","2414","2258","239","45","9","36","194","64","129","478","241","237","594","274","321","547","291","257","399","223","176","155","99","56","40","17","11","4","2"
"01","","Actual number[ten thousand persons]","04","","Non-agricultural industries","2","","Female","00","","Employee","00000","","All Japan","2015000000","","2015","","2452","2276","238","46","10","36","193","65","128","472","236","235","595","269","326","568","300","268","404","228","176","176","112","64","44","20","13","5","2"
"01","","Actual number[ten thousand persons]","04","","Non-agricultural industries","2","","Female","00","","Employee","00000","","All Japan","2016000000","","2016","","2509","2314","250","46","9","38","203","69","134","472","236","236","590","261","329","592","319","273","410","234","176","195","128","67","45","22","16","5","2"
"01","","Actual number[ten thousand persons]","04","","Non-agricultural industries","2","","Female","00","","Employee","00000","","All Japan","2017000000","","2017","","2564","2356","250","47","9","38","203","70","133","478","235","243","589","260","329","617","337","280","421","242","180","209","131","78","53","25","18","5","2"
"01","","Actual number[ten thousand persons]","04","","Non-agricultural industries","2","","Female","00","","Employee","00000","","All Japan","2018000000","","2018","","2654","2423","271","56","12","44","215","76","138","484","239","244","592","263","330","641","346","295","434","248","187","231","135","96","65","31","23","6","2"
"01","","Actual number[ten thousand persons]","04","","Non-agricultural industries","2","","Female","00","","Employee","00000","","All Japan","2019000000","","2019","","2706","2462","281","60","14","46","220","80","140","486","244","241","581","264","318","666","359","307","448","255","193","243","135","108","73","35","26","6","3"
"01","","Actual number[ten thousand persons]","04","","Non-agricultural industries","2","","Female","00","","Employee","00000","","All Japan","2020000000","","2020","","2694","2445","272","54","11","42","218","76","142","485","248","236","560","257","304","672","360","312","455","260","195","249","132","117","80","37","28","7","3"
"01","","Actual number[ten thousand persons]","04","","Non-agricultural industries","2","","Female","00","","Employee","00000","","All Japan","2021000000","","2021","","2713","2455","271","52","11","42","219","77","142","490","253","237","552","258","294","683","357","326","459","262","198","258","132","127","89","38","27","8","3"
"01","","Actual number[ten thousand persons]","04","","Non-agricultural industries","2","","Female","00","","Employee","00000","","All Japan","2022000000","","2022","","2739","2477","269","54","13","42","215","74","141","489","255","235","547","255","292","694","351","343","478","271","207","263","128","135","91","44","31","9","3"
"01","","Actual number[ten thousand persons]","04","","Non-agricultural industries","2","","Female","00","","Employee","00000","","All Japan","2023000000","","2023","","2768","2498","276","58","14","44","218","76","142","492","256","236","540","252","288","693","344","349","497","282","215","270","131","139","89","50","36","10","3"
"01","","Actual number[ten thousand persons]","04","","Non-agricultural industries","2","","Female","00","","Employee","00000","","All Japan","2024000000","","2024","","2804","2521","279","60","17","44","219","78","141","500","261","239","536","251","285","692","334","358","514","293","221","283","138","146","87","59","42","12","4"
"01","","Actual number[ten thousand persons]","04","","Non-agricultural industries","2","","Female","02","","Employee, excl. executive of company or corporation","00000","","All Japan","2013000000","","2013","","2303","2189","238","43","9","34","195","62","133","481","243","238","579","276","303","516","274","242","375","208","166","114","76","38","27","11","8","2","1"
"01","","Actual number[ten thousand persons]","04","","Non-agricultural industries","2","","Female","02","","Employee, excl. executive of company or corporation","00000","","All Japan","2014000000","","2014","","2330","2200","239","45","9","36","193","64","129","475","240","235","583","270","313","528","282","246","375","212","163","130","87","43","32","11","8","2","1"
"01","","Actual number[ten thousand persons]","04","","Non-agricultural industries","2","","Female","02","","Employee, excl. executive of company or corporation","00000","","All Japan","2015000000","","2015","","2367","2218","238","46","10","36","192","65","128","468","236","233","583","265","318","549","292","257","380","217","163","149","99","50","37","13","10","2","1"
"01","","Actual number[ten thousand persons]","04","","Non-agricultural industries","2","","Female","02","","Employee, excl. executive of company or corporation","00000","","All Japan","2016000000","","2016","","2425","2256","249","46","9","37","203","69","133","468","235","234","578","257","322","573","310","263","387","223","164","169","115","54","38","16","12","3","1"
"01","","Actual number[ten thousand persons]","04","","Non-agricultural industries","2","","Female","02","","Employee, excl. executive of company or corporation","00000","","All Japan","2017000000","","2017","","2480","2299","250","47","9","38","202","70","132","474","234","240","579","257","322","598","327","271","398","230","168","181","117","63","45","19","14","3","1"
"01","","Actual number[ten thousand persons]","04","","Non-agricultural industries","2","","Female","02","","Employee, excl. executive of company or corporation","00000","","All Japan","2018000000","","2018","","2573","2372","272","56","12","44","215","76","138","481","239","242","583","259","324","624","338","286","414","237","176","201","122","78","55","23","18","4","1"
"01","","Actual number[ten thousand persons]","04","","Non-agricultural industries","2","","Female","02","","Employee, excl. executive of company or corporation","00000","","All Japan","2019000000","","2019","","2622","2409","281","60","14","46","220","80","140","483","243","239","572","260","312","648","350","298","426","244","182","214","123","89","62","27","20","4","1"
"01","","Actual number[ten thousand persons]","04","","Non-agricultural industries","2","","Female","02","","Employee, excl. executive of company or corporation","00000","","All Japan","2020000000","","2020","","2612","2392","272","54","11","42","217","76","142","482","248","234","551","254","297","654","351","303","433","250","184","221","122","97","69","28","22","4","2"
"01","","Actual number[ten thousand persons]","04","","Non-agricultural industries","2","","Female","02","","Employee, excl. executive of company or corporation","00000","","All Japan","2021000000","","2021","","2632","2404","271","52","11","42","218","77","141","486","252","235","543","254","288","664","348","316","440","252","188","229","122","107","78","29","22","6","2"
"01","","Actual number[ten thousand persons]","04","","Non-agricultural industries","2","","Female","02","","Employee, excl. executive of company or corporation","00000","","All Japan","2022000000","","2022","","2658","2424","269","54","13","42","215","74","140","486","253","233","537","251","286","675","343","332","457","260","197","233","118","115","81","34","25","7","2"
"01","","Actual number[ten thousand persons]","04","","Non-agricultural industries","2","","Female","02","","Employee, excl. executive of company or corporation","00000","","All Japan","2023000000","","2023","","2685","2445","275","58","14","44","217","76","141","489","255","234","530","248","282","674","335","339","476","272","204","241","122","119","80","39","29","8","2"
"01","","Actual number[ten thousand persons]","04","","Non-agricultural industries","2","","Female","02","","Employee, excl. executive of company or corporation","00000","","All Japan","2024000000","","2024","","2718","2465","279","60","17","44","219","78","141","497","260","237","526","247","279","672","325","348","492","282","210","253","128","125","78","47","36","9","3"
"01","","Actual number[ten thousand persons]","04","","Non-agricultural industries","2","","Female","03","","Regular staff","00000","","All Japan","2013000000","","2013","","1019","990","114","9","0","9","104","22","82","282","150","132","262","133","129","210","112","98","122","81","41","30","17","12","8","5","3","1","0"
"01","","Actual number[ten thousand persons]","04","","Non-agricultural industries","2","","Female","03","","Regular staff","00000","","All Japan","2014000000","","2014","","1012","981","113","9","0","8","104","23","81","275","148","127","261","130","131","212","113","99","119","82","37","31","19","12","8","5","3","1","0"
"01","","Actual number[ten thousand persons]","04","","Non-agricultural industries","2","","Female","03","","Regular staff","00000","","All Japan","2015000000","","2015","","1036","1003","114","8","0","8","105","24","81","278","149","129","265","130","135","222","118","104","124","86","38","33","19","14","8","5","3","1","1"
"01","","Actual number[ten thousand persons]","04","","Non-agricultural industries","2","","Female","03","","Regular staff","00000","","All Japan","2016000000","","2016","","1071","1036","122","9","0","9","113","26","87","284","151","133","268","127","141","234","126","108","128","89","39","35","21","14","8","6","4","2","1"
"01","","Actual number[ten thousand persons]","04","","Non-agricultural industries","2","","Female","03","","Regular staff","00000","","All Japan","2017000000","","2017","","1105","1067","124","10","0","10","114","26","88","290","153","137","276","129","147","248","136","112","129","91","38","38","22","16","9","7","5","1","0"
"01","","Actual number[ten thousand persons]","04","","Non-agricultural industries","2","","Female","03","","Regular staff","00000","","All Japan","2018000000","","2018","","1133","1097","127","9","0","8","118","28","90","299","160","140","277","131","146","261","143","118","132","92","40","36","21","16","10","6","4","1","1"
"01","","Actual number[ten thousand persons]","04","","Non-agricultural industries","2","","Female","03","","Regular staff","00000","","All Japan","2019000000","","2019","","1159","1122","129","9","0","9","120","27","93","305","164","141","277","133","144","274","151","123","137","95","42","37","19","18","11","7","5","2","1"
"01","","Actual number[ten thousand persons]","04","","Non-agricultural industries","2","","Female","03","","Regular staff","00000","","All Japan","2020000000","","2020","","1195","1157","132","9","0","9","123","25","98","317","173","145","277","136","141","284","156","128","145","99","46","38","19","20","12","8","5","2","1"
"01","","Actual number[ten thousand persons]","04","","Non-agricultural industries","2","","Female","03","","Regular staff","00000","","All Japan","2021000000","","2021","","1226","1186","132","9","0","9","123","27","96","330","182","148","280","139","141","294","157","136","151","103","48","40","19","21","13","8","5","2","1"
"01","","Actual number[ten thousand persons]","04","","Non-agricultural industries","2","","Female","03","","Regular staff","00000","","All Japan","2022000000","","2022","","1241","1201","127","7","0","7","120","24","96","334","185","150","278","138","140","305","159","146","157","106","50","39","18","21","12","8","5","2","1"
"01","","Actual number[ten thousand persons]","04","","Non-agricultural industries","2","","Female","03","","Regular staff","00000","","All Japan","2023000000","","2023","","1260","1221","129","8","0","8","121","23","98","336","184","152","279","139","140","309","158","151","167","113","54","40","19","21","12","9","6","3","1"
"01","","Actual number[ten thousand persons]","04","","Non-agricultural industries","2","","Female","03","","Regular staff","00000","","All Japan","2024000000","","2024","","1291","1250","127","7","0","7","120","22","98","348","190","159","283","140","144","316","158","158","176","118","57","41","21","20","10","10","6","3","2"
"01","","Actual number[ten thousand persons]","04","","Non-agricultural industries","2","","Female","10","","Non-regular staff","00000","","All Japan","2013000000","","2013","","1283","1199","124","33","9","25","91","40","51","199","93","106","317","143","174","306","162","144","253","128","125","84","59","25","20","6","4","1","0"
"01","","Actual number[ten thousand persons]","04","","Non-agricultural industries","2","","Female","10","","Non-regular staff","00000","","All Japan","2014000000","","2014","","1318","1219","126","37","9","28","89","41","48","200","92","108","322","140","183","316","169","147","255","130","125","99","69","30","24","6","5","1","0"
"01","","Actual number[ten thousand persons]","04","","Non-agricultural industries","2","","Female","10","","Non-regular staff","00000","","All Japan","2015000000","","2015","","1331","1215","124","37","9","28","87","40","46","190","87","103","318","135","183","327","174","154","256","131","125","116","80","36","28","8","6","1","0"
"01","","Actual number[ten thousand persons]","04","","Non-agricultural industries","2","","Female","10","","Non-regular staff","00000","","All Japan","2016000000","","2016","","1354","1220","127","38","9","29","90","43","46","185","84","101","311","130","181","339","184","155","259","134","125","134","94","39","29","10","8","1","0"
"01","","Actual number[ten thousand persons]","04","","Non-agricultural industries","2","","Female","10","","Non-regular staff","00000","","All Japan","2017000000","","2017","","1375","1232","126","38","9","29","88","44","44","184","81","103","303","128","175","350","192","159","269","139","130","142","95","47","35","12","10","2","0"
"01","","Actual number[ten thousand persons]","04","","Non-agricultural industries","2","","Female","10","","Non-regular staff","00000","","All Japan","2018000000","","2018","","1440","1276","145","48","12","36","97","49","48","182","79","102","305","127","178","363","195","167","281","145","136","164","102","62","45","17","14","2","***"
"01","","Actual number[ten thousand persons]","04","","Non-agricultural industries","2","","Female","10","","Non-regular staff","00000","","All Japan","2019000000","","2019","","1463","1287","152","51","14","38","100","54","47","178","79","98","294","127","168","374","199","175","289","149","140","176","105","71","52","19","16","3","***"
"01","","Actual number[ten thousand persons]","04","","Non-agricultural industries","2","","Female","10","","Non-regular staff","00000","","All Japan","2020000000","","2020","","1416","1235","139","44","11","33","94","51","43","165","75","90","273","117","155","370","195","174","289","151","138","181","103","78","58","21","17","3","***"
"01","","Actual number[ten thousand persons]","04","","Non-agricultural industries","2","","Female","10","","Non-regular staff","00000","","All Japan","2021000000","","2021","","1406","1218","139","44","10","33","95","51","45","157","70","87","263","116","147","371","191","180","289","149","140","189","102","86","65","21","16","4","1"
"01","","Actual number[ten thousand persons]","04","","Non-agricultural industries","2","","Female","10","","Non-regular staff","00000","","All Japan","2022000000","","2022","","1417","1223","142","47","12","35","94","50","44","152","69","83","260","113","146","370","183","186","300","154","146","194","100","95","69","26","20","5","1"
"01","","Actual number[ten thousand persons]","04","","Non-agricultural industries","2","","Female","10","","Non-regular staff","00000","","All Japan","2023000000","","2023","","1425","1224","147","50","14","37","96","52","44","153","71","82","251","109","142","365","177","188","309","159","150","201","103","98","68","30","24","5","1"
"01","","Actual number[ten thousand persons]","04","","Non-agricultural industries","2","","Female","10","","Non-regular staff","00000","","All Japan","2024000000","","2024","","1428","1216","152","53","16","37","99","56","43","148","70","78","243","108","135","356","167","190","316","163","153","212","107","105","68","37","30","6","1"
"01","","Actual number[ten thousand persons]","04","","Non-agricultural industries","2","","Female","04","","Part-time worker, Arbeit (temporary worker)","00000","","All Japan","2013000000","","2013","","1009","940","103","32","9","23","71","35","36","135","62","72","248","108","139","247","130","118","207","107","101","69","49","20","16","4","3","1","0"
"01","","Actual number[ten thousand persons]","04","","Non-agricultural industries","2","","Female","04","","Part-time worker, Arbeit (temporary worker)","00000","","All Japan","2014000000","","2014","","1031","949","105","35","9","26","70","36","34","135","60","76","249","106","143","252","134","117","208","107","101","82","58","24","20","5","4","1","0"
"01","","Actual number[ten thousand persons]","04","","Non-agricultural industries","2","","Female","04","","Part-time worker, Arbeit (temporary worker)","00000","","All Japan","2015000000","","2015","","1041","943","103","35","9","26","68","36","32","127","55","72","245","102","143","260","136","124","208","107","100","98","68","30","24","6","5","1","0"
"01","","Actual number[ten thousand persons]","04","","Non-agricultural industries","2","","Female","04","","Part-time worker, Arbeit (temporary worker)","00000","","All Japan","2016000000","","2016","","1061","949","108","36","9","28","71","39","33","125","53","72","239","98","141","268","145","123","209","110","99","112","80","32","24","8","7","1","0"
"01","","Actual number[ten thousand persons]","04","","Non-agricultural industries","2","","Female","04","","Part-time worker, Arbeit (temporary worker)","00000","","All Japan","2017000000","","2017","","1078","958","108","36","9","27","72","40","32","126","52","74","232","96","137","278","151","126","214","112","102","120","81","39","29","10","8","1","0"
"01","","Actual number[ten thousand persons]","04","","Non-agricultural industries","2","","Female","04","","Part-time worker, Arbeit (temporary worker)","00000","","All Japan","2018000000","","2018","","1133","996","126","47","12","34","79","45","35","123","50","73","236","97","140","288","154","134","223","116","106","138","85","52","38","14","12","2","0"
"01","","Actual number[ten thousand persons]","04","","Non-agricultural industries","2","","Female","04","","Part-time worker, Arbeit (temporary worker)","00000","","All Japan","2019000000","","2019","","1153","1007","133","50","13","36","83","49","34","121","50","71","228","97","132","297","158","139","228","119","108","147","88","59","43","15","13","2","0"
"01","","Actual number[ten thousand persons]","04","","Non-agricultural industries","2","","Female","04","","Part-time worker, Arbeit (temporary worker)","00000","","All Japan","2020000000","","2020","","1117","966","123","44","11","33","79","47","32","110","46","65","213","91","121","293","155","138","228","121","106","152","87","65","48","16","14","2","0"
"01","","Actual number[ten thousand persons]","04","","Non-agricultural industries","2","","Female","04","","Part-time worker, Arbeit (temporary worker)","00000","","All Japan","2021000000","","2021","","1109","952","122","43","10","33","79","47","32","105","44","61","205","89","117","292","150","142","228","119","108","157","86","71","55","17","13","3","0"
"01","","Actual number[ten thousand persons]","04","","Non-agricultural industries","2","","Female","04","","Part-time worker, Arbeit (temporary worker)","00000","","All Japan","2022000000","","2022","","1113","951","125","46","12","34","79","46","33","101","42","58","201","87","114","290","144","146","234","123","111","162","82","80","58","21","17","4","1"
"01","","Actual number[ten thousand persons]","04","","Non-agricultural industries","2","","Female","04","","Part-time worker, Arbeit (temporary worker)","00000","","All Japan","2023000000","","2023","","1121","954","131","49","14","36","82","49","32","101","44","57","196","84","112","288","139","149","239","126","113","167","85","83","58","25","20","4","1"
"01","","Actual number[ten thousand persons]","04","","Non-agricultural industries","2","","Female","04","","Part-time worker, Arbeit (temporary worker)","00000","","All Japan","2024000000","","2024","","1125","947","137","52","16","36","85","52","33","98","44","54","190","84","106","279","131","148","243","129","114","178","89","89","58","31","25","5","1"
"01","","Actual number[ten thousand persons]","04","","Non-agricultural industries","2","","Female","05","","Part-time worker","00000","","All Japan","2013000000","","2013","","818","757","19","2","0","2","18","5","13","97","40","57","220","95","126","229","119","110","191","99","92","61","43","18","14","4","3","1","0"
"01","","Actual number[ten thousand persons]","04","","Non-agricultural industries","2","","Female","05","","Part-time worker","00000","","All Japan","2014000000","","2014","","831","758","18","2","0","1","16","4","12","97","38","59","221","92","128","231","122","109","192","100","92","72","51","21","17","4","3","1","0"
"01","","Actual number[ten thousand persons]","04","","Non-agricultural industries","2","","Female","05","","Part-time worker","00000","","All Japan","2015000000","","2015","","842","757","16","2","0","1","15","4","10","93","35","58","217","88","129","239","125","114","192","100","93","85","59","26","21","5","4","1","0"
"01","","Actual number[ten thousand persons]","04","","Non-agricultural industries","2","","Female","05","","Part-time worker","00000","","All Japan","2016000000","","2016","","858","760","17","2","0","2","15","4","11","92","35","57","212","86","127","246","133","113","193","102","91","99","70","28","22","6","5","1","0"
"01","","Actual number[ten thousand persons]","04","","Non-agricultural industries","2","","Female","05","","Part-time worker","00000","","All Japan","2017000000","","2017","","873","767","16","1","0","1","14","4","10","92","33","59","206","84","122","255","139","116","198","105","94","107","72","35","26","8","7","1","0"
"01","","Actual number[ten thousand persons]","04","","Non-agricultural industries","2","","Female","05","","Part-time worker","00000","","All Japan","2018000000","","2018","","906","785","14","2","0","1","12","3","9","92","33","59","210","85","125","264","140","123","206","109","97","120","74","46","34","12","10","1","0"
"01","","Actual number[ten thousand persons]","04","","Non-agricultural industries","2","","Female","05","","Part-time worker","00000","","All Japan","2019000000","","2019","","916","787","14","1","0","1","12","4","9","91","33","58","202","84","117","271","144","126","210","111","99","128","77","52","39","13","12","1","0"
"01","","Actual number[ten thousand persons]","04","","Non-agricultural industries","2","","Female","05","","Part-time worker","00000","","All Japan","2020000000","","2020","","896","762","13","2","0","1","11","3","9","82","30","52","189","80","109","268","140","126","211","113","97","133","77","57","43","14","12","2","0"
"01","","Actual number[ten thousand persons]","04","","Non-agricultural industries","2","","Female","05","","Part-time worker","00000","","All Japan","2021000000","","2021","","890","750","12","1","0","1","11","3","8","79","29","49","181","77","104","269","138","131","210","110","100","139","77","63","48","15","12","3","0"
"01","","Actual number[ten thousand persons]","04","","Non-agricultural industries","2","","Female","05","","Part-time worker","00000","","All Japan","2022000000","","2022","","886","744","11","1","0","1","10","3","7","73","27","46","178","75","103","266","132","135","216","113","102","143","73","70","51","18","15","3","0"
"01","","Actual number[ten thousand persons]","04","","Non-agricultural industries","2","","Female","05","","Part-time worker","00000","","All Japan","2023000000","","2023","","891","743","11","1","0","1","10","3","8","73","27","46","174","73","101","264","127","136","221","117","104","147","75","72","51","21","17","3","0"
"01","","Actual number[ten thousand persons]","04","","Non-agricultural industries","2","","Female","05","","Part-time worker","00000","","All Japan","2024000000","","2024","","886","729","11","1","0","1","10","2","8","70","26","43","168","72","96","256","119","137","224","118","106","157","79","78","51","27","22","4","1"
"01","","Actual number[ten thousand persons]","04","","Non-agricultural industries","2","","Female","06","","Arbeit (temporary worker)","00000","","All Japan","2013000000","","2013","","191","183","84","30","9","22","54","30","23","37","22","15","27","13","14","19","11","8","16","7","8","8","6","2","2","0","0","0","0"
"01","","Actual number[ten thousand persons]","04","","Non-agricultural industries","2","","Female","06","","Arbeit (temporary worker)","00000","","All Japan","2014000000","","2014","","200","190","87","34","9","25","54","31","22","38","22","16","28","14","14","21","12","9","16","7","8","10","7","3","2","1","1","0","0"
"01","","Actual number[ten thousand persons]","04","","Non-agricultural industries","2","","Female","06","","Arbeit (temporary worker)","00000","","All Japan","2015000000","","2015","","199","186","87","34","9","25","53","32","21","35","20","14","28","13","14","21","11","10","16","8","8","12","8","4","3","1","1","0","0"
"01","","Actual number[ten thousand persons]","04","","Non-agricultural industries","2","","Female","06","","Arbeit (temporary worker)","00000","","All Japan","2016000000","","2016","","203","189","91","35","9","26","56","35","22","33","19","14","27","13","14","22","12","10","16","8","9","13","9","4","3","1","1","0","0"
"01","","Actual number[ten thousand persons]","04","","Non-agricultural industries","2","","Female","06","","Arbeit (temporary worker)","00000","","All Japan","2017000000","","2017","","205","191","92","35","9","26","58","36","22","34","19","15","26","12","14","23","13","10","16","7","8","14","9","4","3","1","1","0","0"
"01","","Actual number[ten thousand persons]","04","","Non-agricultural industries","2","","Female","06","","Arbeit (temporary worker)","00000","","All Japan","2018000000","","2018","","227","210","111","45","12","33","66","41","25","31","18","13","26","12","14","24","13","11","17","8","9","17","11","6","5","1","1","0","0"
"01","","Actual number[ten thousand persons]","04","","Non-agricultural industries","2","","Female","06","","Arbeit (temporary worker)","00000","","All Japan","2019000000","","2019","","237","219","118","48","13","35","69","46","25","31","18","12","26","12","14","26","14","11","18","9","10","18","11","7","5","2","1","0","0"
"01","","Actual number[ten thousand persons]","04","","Non-agricultural industries","2","","Female","06","","Arbeit (temporary worker)","00000","","All Japan","2020000000","","2020","","222","204","109","42","11","31","67","44","24","28","16","12","24","12","12","26","15","11","17","8","9","17","10","8","6","2","2","0","0"
"01","","Actual number[ten thousand persons]","04","","Non-agricultural industries","2","","Female","06","","Arbeit (temporary worker)","00000","","All Japan","2021000000","","2021","","220","202","110","42","10","32","68","44","25","26","15","11","24","12","12","23","12","11","18","9","8","18","9","9","7","2","1","0","0"
"01","","Actual number[ten thousand persons]","04","","Non-agricultural industries","2","","Female","06","","Arbeit (temporary worker)","00000","","All Japan","2022000000","","2022","","226","207","114","45","12","33","69","43","25","27","15","12","23","12","12","24","12","12","18","9","9","19","9","10","7","3","2","1","0"
"01","","Actual number[ten thousand persons]","04","","Non-agricultural industries","2","","Female","06","","Arbeit (temporary worker)","00000","","All Japan","2023000000","","2023","","231","211","120","48","14","35","71","46","25","28","17","11","22","11","11","24","11","12","18","9","9","20","9","10","7","3","2","1","0"
"01","","Actual number[ten thousand persons]","04","","Non-agricultural industries","2","","Female","06","","Arbeit (temporary worker)","00000","","All Japan","2024000000","","2024","","239","218","126","51","16","35","75","50","25","28","17","11","21","11","10","23","11","12","19","10","9","21","10","11","7","4","3","1","0"
"01","","Actual number[ten thousand persons]","04","","Non-agricultural industries","2","","Female","07","","Dispatched worker from temporary labour agency","00000","","All Japan","2013000000","","2013","","68","65","5","0","***","0","5","1","3","19","8","11","22","12","10","13","8","5","6","3","3","3","2","1","1","0","0","0","***"
"01","","Actual number[ten thousand persons]","04","","Non-agricultural industries","2","","Female","07","","Dispatched worker from temporary labour agency","00000","","All Japan","2014000000","","2014","","70","68","5","1","0","0","5","1","4","19","8","10","23","11","12","15","10","5","6","4","2","3","2","1","1","0","0","0","0"
"01","","Actual number[ten thousand persons]","04","","Non-agricultural industries","2","","Female","07","","Dispatched worker from temporary labour agency","00000","","All Japan","2015000000","","2015","","76","73","5","1","0","1","5","1","3","19","9","9","25","12","13","17","11","7","6","3","3","3","2","1","1","0","0","0","0"
"01","","Actual number[ten thousand persons]","04","","Non-agricultural industries","2","","Female","07","","Dispatched worker from temporary labour agency","00000","","All Japan","2016000000","","2016","","78","73","5","0","0","0","5","1","4","18","8","9","24","10","14","19","12","8","6","4","3","5","3","1","1","0","0","0","0"
"01","","Actual number[ten thousand persons]","04","","Non-agricultural industries","2","","Female","07","","Dispatched worker from temporary labour agency","00000","","All Japan","2017000000","","2017","","81","77","5","1","0","1","5","2","3","19","9","10","24","11","13","22","14","8","8","5","3","4","2","2","1","1","0","0","0"
"01","","Actual number[ten thousand persons]","04","","Non-agricultural industries","2","","Female","07","","Dispatched worker from temporary labour agency","00000","","All Japan","2018000000","","2018","","85","80","6","0","0","0","5","2","4","18","8","10","25","11","13","23","14","8","9","6","3","5","3","2","1","1","0","0","***"
"01","","Actual number[ten thousand persons]","04","","Non-agricultural industries","2","","Female","07","","Dispatched worker from temporary labour agency","00000","","All Japan","2019000000","","2019","","86","80","5","1","0","1","5","1","4","19","9","10","22","10","11","24","14","10","9","6","3","5","3","2","2","1","1","0","0"
"01","","Actual number[ten thousand persons]","04","","Non-agricultural industries","2","","Female","07","","Dispatched worker from temporary labour agency","00000","","All Japan","2020000000","","2020","","85","79","5","0","0","0","4","1","4","18","9","9","21","9","12","25","14","11","10","7","3","5","2","3","2","1","1","0","0"
"01","","Actual number[ten thousand persons]","04","","Non-agricultural industries","2","","Female","07","","Dispatched worker from temporary labour agency","00000","","All Japan","2021000000","","2021","","87","81","5","0","0","0","5","1","4","18","9","9","21","9","12","27","15","12","10","7","3","6","3","3","2","1","1","0","0"
"01","","Actual number[ten thousand persons]","04","","Non-agricultural industries","2","","Female","07","","Dispatched worker from temporary labour agency","00000","","All Japan","2022000000","","2022","","90","84","5","0","0","0","5","1","4","18","9","9","21","9","12","28","14","14","11","8","4","6","2","3","2","1","1","0","0"
"01","","Actual number[ten thousand persons]","04","","Non-agricultural industries","2","","Female","07","","Dispatched worker from temporary labour agency","00000","","All Japan","2023000000","","2023","","94","88","6","0","0","0","5","1","4","19","10","9","21","10","12","28","14","14","13","9","4","6","3","3","2","1","1","0","0"
"01","","Actual number[ten thousand persons]","04","","Non-agricultural industries","2","","Female","07","","Dispatched worker from temporary labour agency","00000","","All Japan","2024000000","","2024","","94","89","5","0","0","0","5","1","4","19","10","9","19","8","11","29","14","15","16","10","6","6","2","3","2","1","1","0","0"
"01","","Actual number[ten thousand persons]","04","","Non-agricultural industries","2","","Female","11","","Contract employee","00000","","All Japan","2013000000","","2013","","126","122","12","1","***","1","11","3","8","32","16","16","31","15","16","27","15","12","20","10","10","4","3","1","1","0","0","0","0"
"01","","Actual number[ten thousand persons]","04","","Non-agricultural industries","2","","Female","11","","Contract employee","00000","","All Japan","2014000000","","2014","","132","128","11","1","0","1","10","3","8","33","17","16","33","15","18","30","15","14","20","11","9","5","4","1","1","0","0","0","0"
"01","","Actual number[ten thousand persons]","04","","Non-agricultural industries","2","","Female","11","","Contract employee","00000","","All Japan","2015000000","","2015","","132","126","11","1","***","1","10","2","8","32","16","16","32","15","18","30","17","13","21","11","10","6","4","2","1","0","0","0","0"
"01","","Actual number[ten thousand persons]","04","","Non-agricultural industries","2","","Female","11","","Contract employee","00000","","All Japan","2016000000","","2016","","132","125","10","1","***","1","10","3","7","31","17","14","31","15","16","32","17","14","22","12","10","7","5","2","1","0","0","0","***"
"01","","Actual number[ten thousand persons]","04","","Non-agricultural industries","2","","Female","11","","Contract employee","00000","","All Japan","2017000000","","2017","","135","127","9","1","0","1","8","2","6","30","15","15","32","15","16","32","17","15","25","13","12","8","5","2","2","0","0","0","0"
"01","","Actual number[ten thousand persons]","04","","Non-agricultural industries","2","","Female","11","","Contract employee","00000","","All Japan","2018000000","","2018","","138","129","10","0","0","0","9","2","7","30","16","15","32","14","17","33","17","15","25","14","12","9","6","2","2","1","0","0","0"
"01","","Actual number[ten thousand persons]","04","","Non-agricultural industries","2","","Female","11","","Contract employee","00000","","All Japan","2019000000","","2019","","139","130","10","1","0","1","10","2","7","28","15","13","31","15","16","34","17","16","27","14","13","9","6","3","3","1","1","0","0"
"01","","Actual number[ten thousand persons]","04","","Non-agricultural industries","2","","Female","11","","Contract employee","00000","","All Japan","2020000000","","2020","","134","124","8","0","***","0","7","2","6","27","15","12","29","13","15","33","17","16","27","15","13","10","6","4","3","1","1","0","0"
"01","","Actual number[ten thousand persons]","04","","Non-agricultural industries","2","","Female","11","","Contract employee","00000","","All Japan","2021000000","","2021","","129","119","8","0","***","0","8","2","6","25","12","13","25","12","12","34","18","16","28","14","13","10","6","4","3","1","1","0","0"
"01","","Actual number[ten thousand persons]","04","","Non-agricultural industries","2","","Female","11","","Contract employee","00000","","All Japan","2022000000","","2022","","133","122","7","0","0","0","7","2","5","24","12","12","26","13","14","35","17","18","30","15","15","11","7","4","3","1","1","0","0"
"01","","Actual number[ten thousand persons]","04","","Non-agricultural industries","2","","Female","11","","Contract employee","00000","","All Japan","2023000000","","2023","","130","119","7","0","0","0","6","1","5","24","12","11","24","11","13","33","16","17","32","15","16","11","7","4","3","1","1","0","0"
"01","","Actual number[ten thousand persons]","04","","Non-agricultural industries","2","","Female","11","","Contract employee","00000","","All Japan","2024000000","","2024","","130","117","7","0","0","0","7","2","5","22","12","10","23","11","12","32","15","17","33","16","17","12","8","4","3","1","1","0","0"
"01","","Actual number[ten thousand persons]","04","","Non-agricultural industries","2","","Female","12","","Entrusted employee","00000","","All Japan","2013000000","","2013","","43","39","1","0","***","0","1","0","1","6","3","3","9","4","5","10","5","5","12","4","8","4","3","1","1","1","0","0","***"
"01","","Actual number[ten thousand persons]","04","","Non-agricultural industries","2","","Female","12","","Entrusted employee","00000","","All Japan","2014000000","","2014","","43","40","1","0","***","0","1","0","1","6","3","3","9","4","5","10","5","5","12","4","8","4","3","1","1","0","0","0","0"
"01","","Actual number[ten thousand persons]","04","","Non-agricultural industries","2","","Female","12","","Entrusted employee","00000","","All Japan","2015000000","","2015","","43","38","1","0","***","0","1","0","1","6","2","3","8","4","5","11","5","5","13","4","8","4","3","1","1","0","0","0","0"
"01","","Actual number[ten thousand persons]","04","","Non-agricultural industries","2","","Female","12","","Entrusted employee","00000","","All Japan","2016000000","","2016","","44","39","1","0","***","0","1","0","1","5","2","3","9","3","5","11","5","6","14","5","9","5","3","2","1","0","0","0","0"
"01","","Actual number[ten thousand persons]","04","","Non-agricultural industries","2","","Female","12","","Entrusted employee","00000","","All Japan","2017000000","","2017","","44","39","1","0","***","0","1","0","1","5","2","3","8","4","5","10","5","5","15","6","9","6","4","2","1","0","0","0","0"
"01","","Actual number[ten thousand persons]","04","","Non-agricultural industries","2","","Female","12","","Entrusted employee","00000","","All Japan","2018000000","","2018","","45","39","1","0","0","0","1","0","1","4","2","2","7","3","5","11","5","5","16","6","10","6","5","2","1","0","0","0","0"
"01","","Actual number[ten thousand persons]","04","","Non-agricultural industries","2","","Female","12","","Entrusted employee","00000","","All Japan","2019000000","","2019","","44","38","1","0","***","0","1","0","1","4","2","2","7","3","5","10","5","5","16","5","10","7","4","2","2","1","1","0","0"
"01","","Actual number[ten thousand persons]","04","","Non-agricultural industries","2","","Female","12","","Entrusted employee","00000","","All Japan","2020000000","","2020","","41","34","1","0","***","0","1","0","0","4","2","2","6","2","4","10","5","5","14","4","10","6","4","2","2","1","1","0","***"
"01","","Actual number[ten thousand persons]","04","","Non-agricultural industries","2","","Female","12","","Entrusted employee","00000","","All Japan","2021000000","","2021","","41","35","1","0","***","0","1","0","1","4","2","2","6","3","3","9","4","5","15","4","11","7","4","3","2","1","0","0","0"
"01","","Actual number[ten thousand persons]","04","","Non-agricultural industries","2","","Female","12","","Entrusted employee","00000","","All Japan","2022000000","","2022","","40","34","0","0","***","0","0","0","0","3","1","1","5","2","3","9","5","4","16","5","11","7","4","2","2","1","1","0","0"
"01","","Actual number[ten thousand persons]","04","","Non-agricultural industries","2","","Female","12","","Entrusted employee","00000","","All Japan","2023000000","","2023","","39","32","1","0","0","0","1","0","1","3","1","1","4","2","2","8","4","4","15","4","11","7","5","2","2","1","0","0","0"
"01","","Actual number[ten thousand persons]","04","","Non-agricultural industries","2","","Female","12","","Entrusted employee","00000","","All Japan","2024000000","","2024","","37","30","1","0","0","0","0","0","0","3","1","2","4","2","2","7","3","4","15","4","11","7","4","3","2","1","1","0","0"
"01","","Actual number[ten thousand persons]","04","","Non-agricultural industries","2","","Female","09","","Other","00000","","All Japan","2013000000","","2013","","38","34","3","0","***","0","3","1","2","7","3","3","7","3","4","9","4","4","8","4","4","4","2","2","1","1","0","0","0"
"01","","Actual number[ten thousand persons]","04","","Non-agricultural industries","2","","Female","09","","Other","00000","","All Japan","2014000000","","2014","","41","36","3","0","***","0","3","1","2","7","4","3","8","4","5","9","4","5","9","5","4","5","3","2","1","1","1","0","0"
"01","","Actual number[ten thousand persons]","04","","Non-agricultural industries","2","","Female","09","","Other","00000","","All Japan","2015000000","","2015","","40","35","3","0","0","0","3","1","2","7","4","3","7","3","4","9","5","4","8","4","4","5","3","2","2","1","0","0","0"
"01","","Actual number[ten thousand persons]","04","","Non-agricultural industries","2","","Female","09","","Other","00000","","All Japan","2016000000","","2016","","38","33","3","0","***","0","3","1","2","6","3","3","7","3","4","9","5","4","8","4","4","5","3","2","1","1","1","0","0"
"01","","Actual number[ten thousand persons]","04","","Non-agricultural industries","2","","Female","09","","Other","00000","","All Japan","2017000000","","2017","","36","32","2","0","***","0","2","1","1","5","3","2","7","3","4","9","5","4","8","4","4","5","3","2","1","1","1","0","0"
"01","","Actual number[ten thousand persons]","04","","Non-agricultural industries","2","","Female","09","","Other","00000","","All Japan","2018000000","","2018","","39","31","2","0","0","0","2","1","1","6","3","3","7","3","4","8","4","4","8","4","5","8","4","4","2","2","1","0","0"
"01","","Actual number[ten thousand persons]","04","","Non-agricultural industries","2","","Female","09","","Other","00000","","All Japan","2019000000","","2019","","41","33","3","0","***","0","2","1","2","5","3","2","6","3","4","9","5","4","9","4","5","8","4","5","3","2","1","1","0"
"01","","Actual number[ten thousand persons]","04","","Non-agricultural industries","2","","Female","09","","Other","00000","","All Japan","2020000000","","2020","","40","31","3","0","0","0","3","1","2","5","3","2","5","2","3","8","4","4","10","5","5","9","4","5","3","2","1","0","0"
"01","","Actual number[ten thousand persons]","04","","Non-agricultural industries","2","","Female","09","","Other","00000","","All Japan","2021000000","","2021","","39","31","3","0","0","0","3","1","2","5","3","2","6","2","3","8","4","4","8","4","4","9","4","5","3","2","1","0","0"
"01","","Actual number[ten thousand persons]","04","","Non-agricultural industries","2","","Female","09","","Other","00000","","All Japan","2022000000","","2022","","42","33","3","0","***","0","3","1","2","6","4","2","6","2","3","8","4","4","9","4","5","9","4","5","3","2","1","1","0"
"01","","Actual number[ten thousand persons]","04","","Non-agricultural industries","2","","Female","09","","Other","00000","","All Japan","2023000000","","2023","","41","31","2","0","0","0","2","0","2","6","3","3","5","2","3","8","4","4","9","4","5","9","4","5","3","2","2","1","0"
"01","","Actual number[ten thousand persons]","04","","Non-agricultural industries","2","","Female","09","","Other","00000","","All Japan","2024000000","","2024","","42","33","3","0","0","0","2","1","2","7","4","3","6","3","3","8","4","5","9","5","5","9","4","5","3","2","2","0","0"
